candle_open_time,close_price,rsi_14,macd_histogram,adx_14,plus_di,minus_di,ema_50,ema_200,vwap,cvd_delta,structure_trend,avg_funding_rate,macro_regime,sentiment_classification,onchain_sopr,onchain_mvrv,onchain_lth_net_position_change_btc,onchain_stablecoin_supply,onchain_whale_addr_count,close_price_fwd_24h
2024-09-04T00:00:00+00:00,57944.8,,,,,,,,57333.26666666666,-1918.2390000000014,ranging,9.016e-05,Neutral,Fear,1.0,1.8419,,158504597997.04,101.0,56145.7
2024-09-05T00:00:00+00:00,56145.7,,,,,,,,57027.480164122106,-10303.935999999987,ranging,2.28e-05,Neutral,Extreme Fear,0.9948,1.7819,,158400339159.91998,101.0,53927.7
2024-09-06T00:00:00+00:00,53927.7,,,,,,,,55918.560526108144,-21007.429000000004,ranging,-5.57e-06,Neutral,Extreme Fear,0.9942,1.7108,,158581059740.87003,102.0,54134.9
2024-09-07T00:00:00+00:00,54134.9,,,,,,,,55742.70455898438,-4722.671999999991,ranging,3.745e-05,Neutral,Fear,0.9964,1.7182,8578.75941479,158584270593.27,102.0,54839.6
2024-09-08T00:00:00+00:00,54839.6,,,,,,,,55607.02811176248,-1890.441999999981,ranging,-7.585e-05,Neutral,Fear,0.998,1.7435,5976.5557772,158416498203.03998,102.0,57010.0
2024-09-09T00:00:00+00:00,57010.0,,,,,,,,55784.63077692305,10524.233000000007,ranging,-6.028e-05,Mixed,Fear,1.0081,1.8141,-15232.77758383,158550369756.56998,102.0,57609.1
2024-09-10T00:00:00+00:00,57609.1,,,,,,,,55967.788465811194,-90.04200000001583,ranging,-8.953e-05,Neutral,Fear,0.9989,1.8309,6484.95275058,158616501768.53998,103.0,57306.0
2024-09-11T00:00:00+00:00,57306.0,,,,,,,,56110.43342580398,-5158.816999999981,ranging,-1.951e-05,Neutral,Fear,0.999,1.8228,5268.02342942,158685349312.81003,101.0,58097.0
2024-09-12T00:00:00+00:00,58097.0,,,,,,,,56305.11895221303,4673.054000000033,ranging,-6.9e-07,Risk-On,Fear,1.0038,1.8449,3415.44191843,159094216286.86996,101.0,60456.2
2024-09-13T00:00:00+00:00,60456.2,,,,,,,,56625.50152731842,8720.599999999977,ranging,-8.699e-05,Neutral,Neutral,1.0105,1.9182,-11091.38832198,159116525076.99,101.0,59964.0
2024-09-14T00:00:00+00:00,59964.0,,,,,,,,56743.18043367332,-2948.3629999999976,ranging,-4.91e-06,Neutral,Neutral,1.0032,1.9011,7396.91738458,159252083355.43997,101.0,59100.5
2024-09-15T00:00:00+00:00,59100.5,,,,,,,,56856.08385291825,-2727.800000000003,ranging,2.402e-05,Neutral,Fear,1.0025,1.8732,5277.03475919,159796242023.62,101.0,58187.0
2024-09-16T00:00:00+00:00,58187.0,,,,,,,,56963.87146863599,-1969.9899999999907,ranging,6.762e-05,Mixed,Fear,1.0024,1.8442,-6408.89846364,159754282424.46997,102.0,60281.0
2024-09-17T00:00:00+00:00,60281.0,,,,,,,,57208.51689585465,6859.91399999999,ranging,1.344e-05,Neutral,Fear,1.0085,1.9066,458.84716045,159903572247.87997,102.0,61735.3
2024-09-18T00:00:00+00:00,61735.3,61.16869876777474,,,,,,,57537.69465421176,1384.7480000000214,ranging,3.512e-05,Neutral,Neutral,1.0085,1.9385,70.99651692,159574779296.58002,102.0,62926.9
2024-09-19T00:00:00+00:00,62926.9,63.898765736990335,,,30.32079291876132,16.447267095255807,,,57907.82712526513,6554.4379999999655,ranging,8.065e-05,Neutral,Neutral,1.0158,1.9894,202.8372764,159801100944.71002,103.0,63175.7
2024-09-20T00:00:00+00:00,63175.7,64.46059718820261,,,29.54711233152102,15.532075787630653,,,58208.921272140054,-2380.5570000000007,ranging,5.543e-05,Neutral,Neutral,1.0168,1.9913,8392.52116427,159899195178.33,103.0,63320.6
2024-09-21T00:00:00+00:00,63320.6,64.80413796748194,,,28.752988311045684,15.114627397669295,,,58293.6296154277,529.7700000000041,ranging,6.285e-05,Neutral,Neutral,1.0085,1.9972,11561.52111143,160043193864.65997,103.0,63558.4
2024-09-22T00:00:00+00:00,63558.4,65.39533329033463,,,28.672518954143055,14.289616627841045,,,58450.65076132123,989.3960000000079,ranging,6.546e-05,Neutral,Neutral,1.0059,2.0031,-1382.4428637,160662082095.75003,103.0,63302.0
2024-09-23T00:00:00+00:00,63302.0,64.14424506981334,,,28.990305766723722,13.261607822117497,,,58688.82115560389,-1760.8520000000135,ranging,2.324e-05,Neutral,Neutral,1.0173,1.9932,-30919.73840968,160593867035.77997,103.0,64243.1
2024-09-24T00:00:00+00:00,64243.1,66.66507256727428,,,27.094878636669584,12.394545175160792,,,59029.77975623967,-63.861999999993714,ranging,1.223e-05,Mixed,Greed,1.0072,2.0232,2257.42083861,160690152361.42,103.0,63118.4
2024-09-25T00:00:00+00:00,63118.4,61.13349406386238,,,25.833704471579296,11.613153840406722,,,59350.77278692934,-5791.885999999999,ranging,1.336e-05,Neutral,Neutral,1.016,1.9808,-14826.2984281,160724477486.75003,103.0,65139.2
2024-09-26T00:00:00+00:00,65139.2,66.51039537916212,,,26.42140344539246,10.42740390715347,,,60213.583685894824,7042.657999999996,ranging,0.0001,Mixed,Greed,1.0139,2.0409,-2608.56838726,160828487652.06,103.0,65749.6
2024-09-27T00:00:00+00:00,65749.6,67.95259478680424,,,27.113910844162298,9.858283822210263,,,60636.072001044166,4185.777000000002,ranging,5.455e-05,Neutral,Greed,1.0126,2.0611,-407.32501294,161077976990.83,102.0,65822.6
2024-09-28T00:00:00+00:00,65822.6,68.12936092872687,,,26.305562107551665,9.564378183933503,,,60949.73684855686,-2058.7449999999953,ranging,1.414e-05,Neutral,Greed,1.0159,2.0597,3900.39637706,161262017779.75003,102.0,65568.1
2024-09-29T00:00:00+00:00,65568.1,66.74710564250044,,,25.679959012948707,9.336916608873523,,,61352.59512948425,78.45100000000093,ranging,3.077e-05,Neutral,Greed,1.0053,2.0544,1685.66178834,161353592457.85,103.0,63309.1
2024-09-30T00:00:00+00:00,63309.1,55.904914496622986,,,23.190165297911122,17.464817430146066,,,61724.71060655247,-12292.655000000028,ranging,0.0001,Neutral,Neutral,1.0015,1.9807,-5103.95285424,161427243458.87,103.0,60776.8
2024-10-01T00:00:00+00:00,60776.8,46.73949681036449,,,20.16939652823396,24.050881232183762,,,62072.473934894966,-25734.489,ranging,6.632e-05,Risk-Off,Fear,0.9991,1.9063,5690.18608283,161430755519.78,103.0,60622.6
2024-10-02T00:00:00+00:00,60622.6,46.24233707178,,32.44265423680913,18.578422800261563,22.783774492758944,,,62223.87928324671,3624.1269999999786,ranging,4.381e-05,Neutral,Fear,0.9966,1.9011,2476.55720453,160895301430.39005,103.0,60727.2
2024-10-03T00:00:00+00:00,60727.2,46.65683531111143,,30.91617793943174,17.568553190451134,21.943300082189822,,,62287.269360238475,-1251.5480000000098,ranging,7.097e-05,Neutral,Fear,0.9981,1.9037,-972.46564157,161182262434.66003,102.0,62054.4
2024-10-04T00:00:00+00:00,62054.4,51.74132187399301,,28.837804216445637,19.732340514928335,20.46348072421833,,,62305.63340861152,1052.6659999999974,ranging,-1.596e-05,Mixed,Neutral,1.0075,1.9427,14659.75427558,161300702750.93,102.0,62023.1
2024-10-05T00:00:00+00:00,62023.1,51.6163683756835,,26.907885759387113,19.251318145462132,19.96463508661936,,,62381.54144123867,-1621.4750000000058,ranging,5.72e-06,Mixed,Neutral,1.0041,1.9416,7825.705376,161284927145.88,102.0,62789.3
2024-10-06T00:00:00+00:00,62789.3,54.51229415598023,,25.263705825536533,20.658949489514487,19.112107257916943,,,62608.64343056077,3157.7530000000115,ranging,4.573e-05,Mixed,Neutral,1.0037,1.9647,561.98399682,161249522570.5,102.0,62190.7
2024-10-07T00:00:00+00:00,62190.7,51.898777109394686,-757.8887311175777,24.608233637146885,24.220764864550755,17.50784385859607,,,62828.29937801415,1868.2129999999888,bearish,-1.678e-05,Neutral,Neutral,1.0056,1.9525,-3370.83026356,161287614264.45,102.0,62131.7
2024-10-08T00:00:00+00:00,62131.7,51.6360024555476,-697.581370035861,23.809065291506585,23.034295072366373,17.58344446786112,,,62961.63443429549,495.86699999999837,bearish,0.0001,Neutral,Neutral,1.0834,1.9268,-193187.03338923,161329869471.28,101.0,60606.4
2024-10-09T00:00:00+00:00,60606.4,45.256391274807875,-737.4351239896482,22.226287878591954,21.14892216867699,21.858624756238303,,,62883.84633511397,-12316.001000000018,bearish,2.09e-05,Mixed,Fear,1.0005,1.8802,-19336.4258109,161012455904.2,100.0,60293.2
2024-10-10T00:00:00+00:00,60293.2,44.05283439236237,-758.9445706382091,21.521070779380647,19.347310604892453,24.801069732065457,,,62700.81502993769,-9610.20299999998,bearish,2.231e-05,Neutral,Fear,0.9928,1.8687,3582.65275126,160851229165.54,100.0,62509.0
2024-10-11T00:00:00+00:00,62509.0,53.47889467780674,-604.703940130094,20.33896100072564,24.289121366791118,21.98841782773317,,,62651.061486954466,9664.907999999996,bearish,4.558e-05,Neutral,Neutral,1.05,1.9319,-58981.10535299,160567198035.10004,100.0,63176.0
2024-10-12T00:00:00+00:00,63176.0,55.888173818258366,-445.85466994898775,19.274675303615794,23.649684069702765,21.20979442156379,,,62638.29586329268,2408.881999999998,bearish,6.93e-06,Neutral,Neutral,1.0103,1.954,-5776.46621872,160576670721.87,100.0,62839.8
2024-10-13T00:00:00+00:00,62839.8,54.35999881057445,-355.4496222958426,18.017248685126926,22.586530052643035,21.844224265163447,,,62593.302130074735,407.2719999999972,bearish,5.429e-05,Neutral,Neutral,1.0079,1.9396,760.32287669,160837383339.73996,100.0,66064.9
2024-10-14T00:00:00+00:00,66064.9,64.41262057043704,-84.5992815803927,18.418441447661287,30.471847480726268,18.82181033939951,,,62707.67525076909,18430.908999999985,bullish,0.0001,Mixed,Greed,1.019,2.0395,-10864.90153878,160851778396.13,101.0,67044.1
2024-10-15T00:00:00+00:00,67044.1,66.80340355839681,142.01697830829517,19.306675546645845,31.93712413067334,16.876351581582036,,,63018.39826532603,3045.548999999999,bullish,8.325e-05,Neutral,Greed,1.0289,2.0602,-15014.49514308,160870521684.24002,100.0,67592.0
2024-10-16T00:00:00+00:00,67592.0,68.09497323579124,301.18033065713144,20.284537898277538,31.643347678086727,15.941797135203128,,,63162.67374297953,5441.331000000006,bullish,0.0001,Neutral,Greed,1.0189,2.0799,-1342.18817938,160714046140.72,100.0,67401.5
2024-10-17T00:00:00+00:00,67401.5,67.11720370726997,361.9124875458367,21.10512777272481,30.21754793747161,15.645557077381014,,,63237.1762829646,-2406.0529999999853,bullish,0.0001,Neutral,Greed,1.0166,2.0678,9674.8267431,160767405758.2,100.0,68407.8
2024-10-18T00:00:00+00:00,68407.8,69.60037589159808,433.3183063205215,22.25182606531904,31.999507546265793,14.660981337223891,,,63439.98505459199,4110.864999999991,bullish,0.0001,Neutral,Greed,1.0164,2.0978,-3314.33669021,160916563984.84998,101.0,68357.1
2024-10-19T00:00:00+00:00,68357.1,69.31636236391965,439.228067842801,23.316617337013685,31.21005077247574,14.299281676366714,,,63469.12738836093,-1929.1219999999885,bullish,0.0001,Neutral,Greed,1.0174,2.0953,2227.39408825,160847265505.83997,102.0,69020.1
2024-10-20T00:00:00+00:00,69020.1,70.98383133278443,448.3219471376808,24.571989569142186,32.3808549700221,13.584699306349748,,,63564.39218263064,4346.826000000001,bullish,0.0001,Neutral,Greed,1.0597,2.1103,-38608.34065785,161074362211.44998,101.0,67368.8
2024-10-21T00:00:00+00:00,67368.8,61.95331466706153,310.2198178093131,24.79008225900902,29.24670441692458,16.585442256079837,,,63998.71757930897,-7612.375,bullish,0.0001,Neutral,Greed,1.04,2.0569,-34449.59801057,161230331201.45,100.0,67406.4
2024-10-22T00:00:00+00:00,67406.4,62.0716362080514,194.17222246464507,24.74649613591686,27.86085744083866,17.010917629455978,,,64392.68940958622,-5515.937000000005,bullish,0.0001,Neutral,Greed,1.0103,2.0549,4117.48095547,161253833820.94998,101.0,66647.2
2024-10-23T00:00:00+00:00,66647.2,58.13998533135295,46.738916159247765,23.784112195625575,25.60302555535404,20.415321610146385,62280.452000000005,,64760.44513370289,-9149.793999999994,bullish,0.0001,Risk-Off,Greed,1.0079,2.0302,6152.93193293,160898467427.01996,101.0,68173.8
2024-10-24T00:00:00+00:00,68173.8,63.18906622752377,33.130240314620096,23.562850893842263,28.434065880045388,18.68649312976387,62511.563686274516,,65085.144221309456,1396.173999999999,bullish,0.0001,Mixed,Greed,1.0127,2.0736,3547.35970031,160795213562.83994,101.0,66662.8
2024-10-25T00:00:00+00:00,66662.8,55.99042386622573,-89.81440662783439,22.749815308157704,25.31353335038454,19.816532195719113,62674.35726720493,,65282.023387914225,-14333.39499999996,bullish,4.755e-05,Mixed,,1.0117,2.0159,5937.47621979,160523137562.45996,101.0,67071.8
2024-10-26T00:00:00+00:00,67071.8,57.404951084164416,-152.10914078533688,21.994853692879186,24.37814213538714,19.084267368402656,62846.80600182435,,65376.263560664316,492.8920000000071,bullish,0.0001,Mixed,Greed,1.0075,2.0384,6603.44026778,160408187301.25,100.0,67992.6
2024-10-27T00:00:00+00:00,67992.6,60.48431044182083,-140.1155238493393,21.735086543236786,26.25802445370778,18.112443536205944,63048.601844890065,,65595.19489241793,3159.8439999999973,bullish,9.425e-05,Mixed,Greed,1.0109,2.0673,-300.83955479,158316819197.11002,100.0,69940.0
2024-10-28T00:00:00+00:00,69940.0,66.07091507716143,-16.35356757425052,22.380021639308875,30.87834171256807,16.349182233565525,63318.85275293359,,65979.52266653652,15581.158000000025,bullish,0.0001,Neutral,Greed,1.0165,2.1208,-4251.93388286,158386846692.91998,100.0,72739.5
2024-10-29T00:00:00+00:00,72739.5,72.16351610561183,225.39111665868745,24.027329998047854,37.903274334692306,14.218101990075757,63688.289899877374,,66726.72276200909,15548.538,bullish,0.0001,Neutral,Extreme Greed,1.0281,2.1994,-13427.78961702,158457562849.43002,100.0,72349.0
2024-10-30T00:00:00+00:00,72349.0,70.26805968428957,324.32037373353637,25.556973474019767,35.92475867344827,13.47593029239785,64027.92559007827,,67392.40031344576,-686.6359999999986,bullish,0.0001,Neutral,Extreme Greed,1.0139,2.1895,-3858.46232431,158544861425.16998,99.0,70321.9
2024-10-31T00:00:00+00:00,70321.9,61.27119320916042,223.36647239259423,25.794791657589652,32.36415109332022,17.857042223127376,64274.748115957555,,67912.98351772311,-11020.328000000009,bullish,0.0001,Neutral,Greed,1.0098,2.1253,-4814.23108197,158601067146.63998,99.0,69495.5
2024-11-01T00:00:00+00:00,69495.5,58.01028815050029,78.53862163650638,25.476505019177445,29.419571088288954,19.07205112627308,64479.48348395922,,68174.2244627635,-11780.709999999963,bullish,0.0001,Neutral,Greed,1.0109,2.0967,19614.59522822,158949575092.66998,99.0,69366.6
2024-11-02T00:00:00+00:00,69366.6,57.496281349006786,-41.86264027265838,25.180953140651827,28.539094581191442,18.501257863908677,64671.13511203925,,68347.38382277159,-2179.243000000002,bullish,0.0001,Neutral,Greed,1.0128,2.0885,19854.3850453,158769925212.97998,99.0,68762.5
2024-11-03T00:00:00+00:00,68762.5,55.035096802793134,-170.87289683232666,23.96890862298822,26.659880730539243,22.613396643326404,64831.58079392007,,68604.49270634902,-5528.229999999981,bullish,0.0001,Neutral,Greed,1.004,2.073,1654.00079076,158916534978.61,99.0,67834.3
2024-11-04T00:00:00+00:00,67834.3,51.39476696454889,-318.810024574178,22.496088430159123,24.284892619631947,22.71080649075459,64949.334488276145,,68767.27341755053,-3702.127999999997,bullish,0.0001,Neutral,Greed,1.0124,2.0422,-4869.03232806,158927387708.1,99.0,69353.1
2024-11-05T00:00:00+00:00,69353.1,56.46871689022656,-313.96658391140886,21.635240919368297,25.228944016285936,20.457363999179083,65122.031175010416,,68857.8360037372,933.1699999999837,bullish,0.0001,Risk-On,Greed,1.01,2.0934,-3362.54691578,158935932201.71005,100.0,75579.9
2024-11-06T00:00:00+00:00,75579.9,70.20253902360865,87.55201062018205,22.809676241567466,36.560295347723724,16.395963163242303,65532.143677951186,,69611.06970098858,14030.847999999998,bullish,0.0001,Mixed,Extreme Greed,1.0371,2.2654,-190323.35121247,159210326726.45,100.0,75859.4
2024-11-07T00:00:00+00:00,75859.4,70.65014663688396,336.90829775365546,24.016983778950696,35.40162226999658,15.276382326001913,65937.1341219531,,70033.4666872272,-818.2050000000163,bullish,0.0001,Risk-On,Greed,1.0244,2.2681,10168.0077009,159700618900.66998,100.0,76482.2
2024-11-08T00:00:00+00:00,76482.2,71.67131214946446,498.9612516989778,25.209018905147808,34.58308021320648,14.573614050580924,66350.66611717062,,70347.02476605155,-1805.076000000001,bullish,0.0001,Mixed,Greed,1.0221,2.2785,24475.53746503,160591609268.28998,99.0,76675.1
2024-11-09T00:00:00+00:00,76675.1,71.99630503127233,569.2266368256342,26.315908665187983,33.312575622139285,14.038212245838455,66755.54587728158,,70519.78636216166,1413.8500000000058,bullish,0.0001,Mixed,Extreme Greed,1.0114,2.2855,10327.82340497,161851841286.47,99.0,80410.0
2024-11-10T00:00:00+00:00,80410.0,77.40197280434384,803.0227070352144,28.3775356104548,41.67244414075811,12.036535155408536,67291.01466640779,,71364.40615708099,13337.347000000009,bullish,0.00014113,Mixed,Extreme Greed,1.0275,2.3863,-9631.92651937,162759093848.56,99.0,88728.9
2024-11-11T00:00:00+00:00,88728.9,84.55391551792495,1417.7705859649013,31.278563833965375,51.17866748319142,9.390694922699858,68131.71605203886,,73149.70407955893,18305.724000000046,bullish,0.0001,Mixed,Extreme Greed,1.0461,2.6147,-32017.00145767,163738348040.23,99.0,87972.0
2024-11-12T00:00:00+00:00,87972.0,82.01071057008897,1656.6378394739368,33.996619040488824,46.217082546776524,8.370666467163554,68909.76640293929,,74975.8020533302,-10768.371999999974,bullish,0.0001,Mixed,Extreme Greed,1.0411,2.5744,-36570.58842577,163874794587.11002,98.0,90413.3
2024-11-13T00:00:00+00:00,90413.3,83.71237076527112,1847.7144225308493,36.80001912161382,46.225971419193264,7.139123672773766,69753.04223027501,,76525.89465895538,-1021.2689999999711,bullish,0.00021856,Mixed,Extreme Greed,1.0454,2.6238,-23709.58232871,164036553521.6,97.0,87382.7
2024-11-14T00:00:00+00:00,87382.7,74.31459463621074,1645.4049994175712,39.40317633980131,41.559051532906786,6.418366115577406,70444.40135849951,,77739.89913712822,-14517.428000000014,bullish,0.0001,Mixed,Extreme Greed,1.0541,2.5169,-81123.23618421,164188117587.36,97.0,91074.6
2024-11-15T00:00:00+00:00,91074.6,77.61189679880825,1632.3982772396394,41.82673558355357,37.860373038506964,5.82475533525907,71253.42875620542,,78479.37617677162,793.36599999998,bullish,0.00010977,Neutral,Extreme Greed,1.0404,2.6166,-22887.22994028,165461065213.13998,97.0,90643.3
2024-11-16T00:00:00+00:00,90643.3,76.37834670926146,1471.8710971473465,44.077183452752095,36.551280794509154,5.623353673822265,72013.81586380521,,78863.34526273336,-2147.523000000001,bullish,0.00015765,Neutral,Extreme Greed,1.0234,2.5963,-271.07666807,166948784870.07,97.0,89899.9
2024-11-17T00:00:00+00:00,89899.9,74.18958141215575,1204.0238671827465,45.350041599010744,34.4709700273316,8.112806047300129,72715.23092796972,,79524.1251267351,-6946.633999999991,bullish,0.0001,Neutral,Extreme Greed,1.0179,2.5701,-2005.1465785,167808276602.81998,97.0,90507.4
2024-11-18T00:00:00+00:00,90507.4,74.82449631078495,966.4185715933381,46.68500897156223,34.533144171555136,7.570283742575847,73412.9630484415,,80546.59441913682,-3164.673999999999,bullish,0.00021606,Neutral,Extreme Greed,1.0304,2.5868,-18877.65714205,168058756176.82,97.0,92335.9
2024-11-19T00:00:00+00:00,92335.9,76.68364646802966,835.9427009159554,48.08613792185515,34.63398638260413,7.018228651285312,74155.03900732614,,81372.39126892344,4860.034999999974,bullish,0.00017959,Neutral,Extreme Greed,1.0565,2.6161,-51660.10166743,167941206642.86002,97.0,94288.0
2024-11-20T00:00:00+00:00,94288.0,78.50837140137911,785.43581981227,49.49183776092752,34.02752637568433,6.537951043816244,74944.56688939178,,82312.0597650306,1753.2509999999893,bullish,0.0001,Mixed,Extreme Greed,1.0448,2.6546,-35811.15345245,168693606752.59998,97.0,98366.8
2024-11-21T00:00:00+00:00,98366.8,81.72631193621223,921.6304648130827,51.228587154016836,39.011395981402025,5.879254602566551,75863.08583490583,,83892.9599911485,9485.48999999999,bullish,0.0001,Neutral,Extreme Greed,1.0829,2.7357,-65815.49403967,169198700371.56998,96.0,98921.4
2024-11-22T00:00:00+00:00,98921.4,82.11836782613948,940.6996679424483,52.88973430586585,38.20199640768021,5.586379249689463,76767.33344922324,,84629.25734152521,-4919.5229999999865,bullish,0.0001,Mixed,Extreme Greed,1.0513,2.7269,-66495.82634818,170292354492.76,97.0,97725.5
2024-11-23T00:00:00+00:00,97725.5,78.22122713581035,771.5004087252182,54.41586383809378,36.787060072756084,5.4349070855507255,77589.22233356744,,85405.8224094718,-4690.830000000002,bullish,0.0001,Mixed,Extreme Greed,1.0454,2.6825,-14085.67001227,172181184810.37003,97.0,97960.4
2024-11-24T00:00:00+00:00,97960.4,78.43768530956366,582.7197373323852,54.992865466225496,34.564128389679446,7.977937784133086,78388.09204597655,,86354.41057746552,-4080.4860000000044,bullish,0.00021035,Mixed,Extreme Greed,1.0282,2.6842,34385.03812861,173332092140.88,97.0,93064.0
2024-11-25T00:00:00+00:00,93064.0,64.12970369012173,62.766296381524626,53.844249493689176,30.18927443288217,13.275972446259365,78963.61784809512,,87470.57163238042,-16062.651000000013,bullish,0.00021902,Risk-On,Extreme Greed,1.0248,2.5509,-45009.08333874,174952532350.26996,96.0,92021.4
2024-11-26T00:00:00+00:00,92021.4,61.554913507831465,-391.7055463538736,51.96580837132579,27.68776525357334,15.728334408107214,79475.68773640512,,89198.63211175261,-6556.051000000036,bullish,0.00031205,Mixed,Greed,1.0232,2.5042,-16529.4651556,175117916933.04,96.0,95905.2
2024-11-27T00:00:00+00:00,95905.2,66.88813979700106,-466.02651173651884,50.721926645632685,29.01294263814456,14.112478267737272,80119.98233497747,,90008.3823684296,2210.6089999999967,bullish,0.0001,Mixed,Extreme Greed,1.0333,2.607,-11161.58174869,174984431024.24002,97.0,95694.4
2024-11-28T00:00:00+00:00,95694.4,66.3501309886907,-558.4258817059681,49.56689361463195,27.907946986644017,13.574986179732274,80730.74381203718,,90645.0264979982,1630.2999999999884,bullish,0.00020619,Mixed,Extreme Greed,1.0313,2.5937,-11241.15328597,175203882271.03,97.0,97516.3
2024-11-29T00:00:00+00:00,97516.3,68.69386505979627,-526.3177869924884,48.946187506917575,30.218525319014912,12.682052603739265,81389.0009174475,,91104.8063351997,3446.969000000012,bullish,0.0001,Mixed,Extreme Greed,1.0322,2.631,51065.4405935,175937874659.88004,97.0,96475.1
2024-11-30T00:00:00+00:00,96475.1,65.87023076923543,-599.3707534838159,48.369817549754224,29.35618381980396,12.320146781402562,81980.61264617504,,91990.99484272825,-2962.7479999999923,bullish,0.00015901,Mixed,Extreme Greed,1.0138,2.6035,3454.7999877,176437237505.19,97.0,97265.1
2024-12-01T00:00:00+00:00,97265.1,66.97928944707502,-616.2780854419098,47.61586203634687,27.979675562950302,12.625177585159733,82580.00430710935,,92728.22680925632,-469.8220000000001,bullish,0.0001,Mixed,Extreme Greed,1.0197,2.6276,-3383.33154025,177079278840.63,97.0,95890.5
2024-12-02T00:00:00+00:00,95890.5,63.13492315723672,-733.8432037997518,46.22327392334993,25.69587604760307,14.416441413184373,83101.98453035997,,93520.47722761758,-7284.217000000004,bullish,0.00012779,Mixed,Extreme Greed,1.0269,2.5726,-17786.00972844,177748573280.88998,97.0,95913.3
2024-12-03T00:00:00+00:00,95913.3,63.1726801614848,-817.4843343146003,44.535542512454306,24.173382934896953,15.262770573925033,83604.38905858116,,94003.01316021029,-2797.8760000000184,bullish,0.00026634,Neutral,Extreme Greed,1.0301,2.5715,-17652.40305339,177856404535.31,96.0,98669.8
2024-12-04T00:00:00+00:00,98669.8,67.5057592178589,-699.1564004579977,43.727548395256015,27.61965728600128,13.843945453534893,84195.1894876564,,94619.87629021742,1468.880999999994,bullish,0.00023234,Risk-On,Extreme Greed,1.0355,2.6375,-13400.62030823,177876937095.07,96.0,97001.5
2024-12-05T00:00:00+00:00,97001.5,62.6976060482638,-741.2279956637167,44.078336617169064,30.243768554838073,10.450602774963032,84697.39774304243,,95218.49780529029,-4666.746999999974,bearish,0.0001,Neutral,Greed,1.0621,2.5624,-125386.87560377,178673995931.07,96.0,99802.5
2024-12-06T00:00:00+00:00,99802.5,66.95346338529453,-594.7197522523429,44.40406853751689,27.452065096980117,9.4859417787428,85289.75469429567,,95557.90544233796,-5164.755999999994,bearish,0.00031972,Neutral,Greed,1.0564,2.6197,-125711.34077525,179308398182.55997,95.0,99899.2
2024-12-07T00:00:00+00:00,99899.2,67.09304752349911,-508.9201452546358,44.7065338921256,26.67825741967157,9.218555899066283,85862.67411804879,,95819.24241117529,-2477.0840000000026,bearish,0.00016985,Neutral,Extreme Greed,1.0181,2.6172,40872.6636187,179955032568.96,95.0,101200.0
2024-12-08T00:00:00+00:00,101200.0,68.99051116848594,-387.6665116574113,45.16205975219525,27.079876385399785,8.767592622667964,86464.13787812532,,96264.85849376304,-63.01800000001094,bearish,0.00030413,Neutral,Extreme Greed,1.0177,2.6358,7864.89392979,181042916859.29,95.0,97349.1
2024-12-09T00:00:00+00:00,97349.1,58.277259303984714,-578.4331851740453,43.42886195640106,23.77174429526643,15.553776028823396,86890.99913780668,,96603.04729809599,-17767.16200000001,bearish,0.00011115,Mixed,Extreme Greed,1.0649,2.5283,-34922.59352327,182693614451.24002,95.0,96602.4
2024-12-10T00:00:00+00:00,96602.4,56.44688248392606,-755.3466798422651,41.819464003163596,22.144566416502904,14.489118762996108,87271.83838730445,,96772.87048319388,-1360.0900000000256,bearish,0.0001,Neutral,Greed,1.0363,2.5043,-9719.8632682,182734225389.42,96.0,101115.3
2024-12-11T00:00:00+00:00,101115.3,63.83910174728332,-576.9262001731013,41.17318418284271,25.70398483081914,13.015131583486482,87814.71923486114,,96870.14929456424,6695.879000000015,bearish,0.0001,Risk-On,Extreme Greed,1.0362,2.6078,-13230.69517264,182496726897.84,97.0,99982.4
2024-12-12T00:00:00+00:00,99982.4,61.03832340813984,-544.1292005938053,40.7124925028051,25.406122000561716,12.309824921337317,88291.88318643521,,96944.77029331953,1406.1749999999884,bearish,0.0001,Mixed,Extreme Greed,1.0213,2.5725,-3825.81158537,182935801702.38,97.0,101371.9
2024-12-13T00:00:00+00:00,101371.9,63.17243271942126,-442.11159432380555,40.225389639715225,24.225885700801634,11.961034028074344,88804.82502226128,,97045.119511797,-382.0100000000093,bearish,6.75e-05,Neutral,Extreme Greed,1.0258,2.5964,-12165.72006727,183878430509.25,96.0,101381.0
2024-12-14T00:00:00+00:00,101381.0,63.186654429985325,-389.1420256833153,39.950593667288786,24.69543190448353,11.520654786969608,89298.00835472163,,97133.81134022484,-1453.2869999999966,bearish,0.0001,Neutral,Extreme Greed,1.0187,2.5956,9979.69768566,184933133801.15997,95.0,104460.4
2024-12-15T00:00:00+00:00,104460.4,67.72827071429373,-172.86526251552323,40.26802884517463,27.70964722312223,10.670777930281353,89892.61194865413,,97533.59934642729,11201.744000000006,bullish,0.0001,Neutral,Extreme Greed,1.0327,2.6716,-19447.29942796,185681384933.25,96.0,106023.2
2024-12-16T00:00:00+00:00,106023.2,69.76677490594767,38.039827044645335,40.98556103787036,29.728678162815704,9.826893637154651,90525.18402909907,,98436.43054057546,3492.935999999987,bullish,7.866e-05,Neutral,Extreme Greed,1.0426,2.6905,-22662.01532083,185701041205.15997,96.0,106074.6
2024-12-17T00:00:00+00:00,106074.6,69.83426618602839,137.9813448007676,41.74898544913349,29.12938691862948,9.28126013802082,91134.96504756578,,98998.70321701517,2220.6479999999865,bullish,0.0001,Neutral,Extreme Greed,1.0489,2.6825,-54792.98478135,186056017332.8,96.0,100181.1
2024-12-18T00:00:00+00:00,100181.1,54.744063562715276,-216.57017105975729,40.188792381572625,25.883003215098487,17.289051951218905,91489.71543785733,,99348.25274685759,-17372.125,bullish,0.0001,Risk-Off,Greed,1.0274,2.5338,-20752.68929487,186262777884.65,96.0,97434.4
2024-12-19T00:00:00+00:00,97434.4,49.38772364752682,-636.0879073390333,37.42319878932784,22.905791423440363,22.24190266771616,91722.84032264724,,99377.64822088684,-14060.629000000015,bullish,0.0001,Neutral,Greed,1.0583,2.4493,-76006.65784017,186621650973.77,97.0,97764.4
2024-12-20T00:00:00+00:00,97764.4,50.020442681331836,-876.5358197400074,35.49125257495084,20.738111090212897,25.539894654784806,91959.76423156304,,99165.46814446578,-12008.733000000007,bullish,0.0001,Risk-On,Greed,1.0227,2.4389,-22034.71832989,186525228109.56998,95.0,97261.8
2024-12-21T00:00:00+00:00,97261.8,49.0154083856537,-1043.2783432600686,33.35194333917574,21.705884416279154,24.25239755860157,92167.6872028743,,99167.96202903583,-563.9500000000116,bullish,0.0001,Risk-On,Greed,1.0102,2.4248,20512.65591415,186627360742.37,95.0,95153.5
2024-12-22T00:00:00+00:00,95153.5,44.93664421396283,-1255.1770187426,31.880302272595394,20.544665865659763,26.548567281442658,92284.7779008008,,99216.79131709223,-7099.904999999999,bullish,0.0001,Risk-On,Greed,1.0674,2.3683,-3739.01885506,186670602936.93002,95.0,94861.1
2024-12-23T00:00:00+00:00,94861.1,44.384996524595785,-1365.5233186919936,30.89731494768025,19.16857224699816,27.651692404501926,92385.81013998509,,99150.11954556943,-3553.7909999999974,bullish,0.0001,Mixed,Greed,1.0533,2.3466,-79816.50393954,186262853591.53998,95.0,98627.2
2024-12-24T00:00:00+00:00,98627.2,52.47712923738227,-1144.3177292074542,29.130092710745284,22.103357227011518,25.003341525889006,92630.57052665234,,99160.40567258229,7141.479999999981,bullish,0.0001,Risk-On,Greed,1.0417,2.4326,-24705.26794308,186318328783.92,95.0,99379.7
2024-12-25T00:00:00+00:00,99379.7,53.9198563467734,-916.6105812832482,27.45264945347856,21.575628924172,24.1576799122943,92895.2422707052,,99398.46439685131,-189.92400000001362,bullish,9.827e-05,Risk-On,Extreme Greed,1.0106,2.4458,24719.26168717,186471272309.29,96.0,95751.0
2024-12-26T00:00:00+00:00,95751.0,46.57674807150199,-974.2739752395617,26.483875977433293,19.850662325302963,26.254600739185946,93007.23276989323,,99287.95575514555,-4515.893000000011,bearish,0.0001,Neutral,Greed,1.0153,2.3549,-8683.61922605,186512049216.08002,96.0,94258.9
2024-12-27T00:00:00+00:00,94258.9,43.92763453368174,-1069.2058979272647,25.968829198930603,18.482422015032316,27.307642352532802,93056.3177593092,,99083.23176424988,-1915.9649999999965,bearish,0.0001,Neutral,Greed,1.0229,2.3165,6504.21729367,186153092044.93,97.0,95259.1
2024-12-28T00:00:00+00:00,95259.1,46.13909244798743,-1021.030824105321,25.49057147603525,17.96511225442492,26.54332099266711,93142.70137659118,,98986.31272955787,2672.528999999995,bearish,8.013e-05,Neutral,Greed,1.011,2.3374,2526.63107727,186385780908.03,97.0,93700.0
2024-12-29T00:00:00+00:00,93700.0,43.274061832197916,-1046.685885516758,25.31150075503753,17.207150814087996,27.477219409487734,93164.556224568,,98983.97835336262,-5184.459999999992,bearish,-4.2e-07,Neutral,Greed,1.0169,2.294,-7480.6860275,186384759935.64996,97.0,92759.3
2024-12-30T00:00:00+00:00,92759.3,41.595756024009205,-1075.4209124921754,25.471912539233983,16.105047663190863,28.357789987326644,93148.66382360455,,98849.01620858183,-221.58699999999953,bearish,0.0001,Neutral,Greed,1.0327,2.2645,-54473.2864899,186001030630.49,97.0,93548.9
2024-12-31T00:00:00+00:00,93548.9,43.57392751102694,-991.7052591192645,25.155200707621244,17.076925151670547,26.176573156739735,93164.35935993379,,98594.60060819278,4660.228000000003,bearish,0.0001,Neutral,Greed,1.0238,2.2808,-14470.29240671,185923566435.13998,97.0,94580.9
2025-01-01T00:00:00+00:00,94580.9,46.14154690751878,-824.1665121228102,24.861111149695127,16.325268650582338,25.024387314457137,93219.90997326972,,98382.62876937563,188.30199999999604,bearish,0.0001,Neutral,Greed,1.0244,2.303,-7129.20674557,186075989328.25,96.0,96967.5
2025-01-02T00:00:00+00:00,96967.5,51.623892041451896,-524.5458823282239,23.600112843896593,20.25306037986119,23.399132816594786,93366.87428804346,,98198.21936585361,1694.5409999999974,bearish,0.0001,Neutral,Greed,1.0194,2.3579,8220.82354441,184988776136.28998,97.0,98145.7
2025-01-03T00:00:00+00:00,98145.7,54.10747415576968,-233.76721454722542,22.05000761429506,21.286463505563052,22.110413816351617,93554.27921792412,,98093.18513982513,50.62600000000384,bearish,7.699e-05,Risk-On,Greed,1.0112,2.3863,6757.76965547,184554397178.2,97.0,98173.2
2025-01-04T00:00:00+00:00,98173.2,54.16662049074536,-36.675798499905255,20.610624186807918,20.723417490172164,21.525573577639022,93735.41336624083,,97867.73275511223,-2697.572,bearish,0.0001,Risk-On,Greed,1.0103,2.3875,15553.88071184,184933679581.21002,97.0,98340.2
2025-01-05T00:00:00+00:00,98340.2,54.54970189801309,100.34856114320618,19.348688044648725,20.022455089098802,21.236932675754424,93915.99323423138,,97292.99904009682,-1374.195000000007,bearish,0.0001,Risk-On,Extreme Greed,1.0072,2.391,91.57179794,186095735254.72995,97.0,102180.4
2025-01-06T00:00:00+00:00,102180.4,62.34382784637208,426.72733823566966,18.956523241894523,25.461869480917986,19.26363829576755,94240.0876172027,,96996.54016698006,4953.705000000016,bullish,0.0001,Risk-On,Extreme Greed,1.0203,2.4771,-5879.97422562,186372001586.12003,97.0,96920.3
2025-01-07T00:00:00+00:00,96920.3,49.75715221466603,272.94799700838405,17.96104789794101,22.243855436629072,20.1173772898949,94345.19398515555,,96640.93957124019,-10306.983000000007,bullish,8.279e-05,Mixed,Greed,1.0243,2.3467,-7349.43657169,186584748040.47003,97.0,95014.1
2025-01-08T00:00:00+00:00,95014.1,46.123068583153355,39.69217558347671,17.450833657679954,20.26478241308881,25.181144885058853,94371.42559358083,,96303.30650147186,-10520.031000000017,bullish,0.0001,Mixed,Greed,1.0036,2.2987,515.72770205,186825284963.22,97.0,92505.9
2025-01-09T00:00:00+00:00,92505.9,41.797275364468646,-269.65900843325124,17.36139956248306,18.643889423568595,25.851606361331076,94298.2677271659,,96074.57402227109,-12540.945999999996,bearish,3.966e-05,Neutral,Neutral,0.9988,2.2338,5929.50592696,186622903700.53003,97.0,94675.5
2025-01-10T00:00:00+00:00,94675.5,46.47373008769059,-311.34771603274436,17.087261452491216,18.331410212013964,24.064854691027023,94313.06114962998,,95861.69429552149,1146.591999999975,bearish,5.68e-05,Mixed,Greed,1.0051,2.2901,3656.46085862,186552378085.03,97.0,94562.5
2025-01-11T00:00:00+00:00,94562.5,46.26522743993797,-328.045952964282,16.832704636070215,17.90527704664498,23.505441498859668,94322.84306533076,,95846.41486104346,-2334.324999999997,bearish,5.009e-05,Mixed,Greed,1.0071,2.2855,20353.90207505,186638125372.19003,96.0,94499.9
2025-01-12T00:00:00+00:00,94499.9,46.141724176099025,-324.2412045144351,16.41211929218884,18.183518241933232,22.65285962883908,94329.78647453348,,95909.6832306278,-811.6150000000052,bearish,5.266e-05,Mixed,Greed,1.0062,2.2787,2721.98567648,186724881348.22,97.0,94485.3
2025-01-13T00:00:00+00:00,94485.3,46.11080772259727,-303.9827740815857,17.313890220369014,15.758004028008314,28.653829041249264,94335.88504415963,,95530.28315464123,-11954.890000000014,bearish,0.0001,Neutral,Greed,1.0031,2.278,2231.27654776,186707320237.96002,97.0,96514.9
2025-01-14T00:00:00+00:00,96514.9,51.023564939994515,-143.32456833374772,17.585878044113638,17.565370243993282,26.97254358714765,94421.33661105533,,95443.69100049352,5721.007000000012,bearish,4.989e-05,Neutral,Greed,1.012,2.3281,-708.62020907,186803360660.86996,97.0,100460.0
2025-01-15T00:00:00+00:00,100460.0,58.8721577552765,219.48092869105497,16.685100021178886,22.456880939436203,24.808317830185246,94658.14694003356,,95597.74817116409,5670.899999999994,bearish,7.28e-06,Neutral,Greed,1.02,2.4095,-9725.19458192,186751680566.34,97.0,99937.4
2025-01-16T00:00:00+00:00,99937.4,57.556345544837335,404.3511499116037,15.786932172262349,21.2943696512926,23.120139131645224,94865.17647179696,,95859.92443246987,-2938.6119999999937,bearish,4.598e-05,Neutral,Greed,1.0233,2.3989,-1670.27789716,186665129599.40005,97.0,104042.5
2025-01-17T00:00:00+00:00,104042.5,64.3051721390135,762.4111897438102,15.750880525669059,28.060352427356356,20.620797320838193,95225.07151211867,,96374.0058977884,9560.57699999999,bullish,6.707e-05,Mixed,Extreme Greed,1.0235,2.4959,-4834.28794608,187254054719.83002,97.0,104524.3
2025-01-18T00:00:00+00:00,104524.3,65.00841741315855,977.2849230513773,15.717403996689573,26.62724661402031,19.5676464528075,95589.74713909441,,96770.24153659755,-2262.8459999999905,bullish,0.0001,Mixed,Extreme Greed,1.0147,2.4947,-7459.18007621,187538906886.09,96.0,101311.5
2025-01-19T00:00:00+00:00,101311.5,56.950860207811786,853.140046482215,14.832305220331728,23.387001842910475,21.88136635257285,95814.12960422797,,97401.02520360383,-2299.9640000000363,bullish,0.0001,Mixed,Extreme Greed,1.0126,2.4107,-7428.9664275,188452520559.98,96.0,102247.6
2025-01-20T00:00:00+00:00,102247.6,58.562437867418424,785.8413793683928,14.911275603771214,25.130848065211243,18.221412248738872,96066.42256092491,,98376.78121357819,-1165.7300000000978,bullish,0.0001,Mixed,Extreme Greed,1.0209,2.4451,,189416578285.43,,106114.5
2025-01-21T00:00:00+00:00,106114.5,64.47815798048501,942.9464400368092,14.984605245536452,22.38677739347062,16.231792048906616,96460.46481343766,,98847.56622234748,1214.5320000000065,bullish,0.0001,Mixed,Extreme Greed,1.0221,2.5189,,189832291043.44998,96.0,103664.9
2025-01-22T00:00:00+00:00,103664.9,58.755727264666184,827.2142637928775,15.052697055747029,21.273862463948337,15.424860198617257,96742.99168349894,,99145.79372286057,-1613.3420000000042,bullish,0.0001,Mixed,Greed,1.0323,2.459,-10543.09412929,190216567786.42996,95.0,103864.1
2025-01-23T00:00:00+00:00,103864.1,59.07381580252624,713.6947043897703,14.419458093111194,19.431405266076265,17.166937148835967,97022.25083316566,,99621.11334279308,-4276.52099999995,bullish,3.34e-06,Mixed,Greed,1.0495,2.4555,-32321.85034146,193035458145.19003,95.0,104808.1
2025-01-24T00:00:00+00:00,104808.1,60.62365662846201,653.4175946575847,13.902376154413327,18.47697979576539,16.001329945570934,97327.57825147289,,99827.9137013812,1040.4219999999914,bullish,5.702e-05,Mixed,Greed,1.0152,2.4652,483.30254928,193820579297.86,96.0,104702.0
2025-01-25T00:00:00+00:00,104702.0,60.34704532282072,561.1674469508926,13.422228639908166,18.10536361550493,15.67950499478416,97616.77126121905,,99922.35839783911,50.50900000000547,bullish,8.363e-05,Mixed,Greed,1.0101,2.467,7269.39127538,194301294817.3,96.0,102560.1
2025-01-26T00:00:00+00:00,102560.1,54.90105370388549,322.51410951730077,12.534827393299386,17.186400002751988,17.533112943236294,97810.62729019085,,99940.39597730726,-4048.399000000005,bullish,9.084e-05,Mixed,Greed,1.0084,2.4184,3074.89160616,194890669584.22998,96.0,102021.3
2025-01-27T00:00:00+00:00,102021.3,53.59089164102287,106.17971334080084,13.109272727303145,15.633472869091916,23.7341790370691,97975.75171018337,,100086.88530442043,-11776.872000000032,bullish,0.0001,Risk-Off,Greed,1.0119,2.3934,-21126.72975424,195239879228.43,96.0,101279.6
2025-01-28T00:00:00+00:00,101279.6,51.75975021779726,-98.01560535553972,13.425114327187968,15.672567045101356,22.33584222698978,98105.3143882154,,100447.42957148264,-3636.008999999991,bullish,0.0001,Mixed,Greed,1.0169,2.3733,4308.99879167,195278542264.47995,96.0,103698.2
2025-01-29T00:00:00+00:00,103698.2,56.928030817822226,-81.99176908341428,13.357679807705324,16.363154250027854,21.030234742487917,98324.64323573637,,100985.6797147447,1408.0679999999993,bullish,7.59e-05,Neutral,Greed,1.0084,2.4363,52413.00774244,195185595061.45996,96.0,104676.9
2025-01-30T00:00:00+00:00,104676.9,58.84928212434454,-20.48300711066895,12.687059358846218,18.355254276696705,19.872511838037212,98573.75134413887,,101512.88134044543,2255.6659999999974,bearish,1.225e-05,Mixed,Extreme Greed,1.0201,2.4578,-652.73866287,195724227315.7,96.0,102379.7
2025-01-31T00:00:00+00:00,102379.7,52.886262639392534,-142.70316582302257,12.587004442890597,16.955648869657093,21.26989478531975,98723.00423260401,,101684.75277859892,-2315.4930000000168,bearish,8.098e-05,Risk-Off,Greed,1.0095,2.3926,3932.82848374,195767524888.91998,96.0,100603.6
2025-02-01T00:00:00+00:00,100603.6,48.77150284908786,-340.09343592497476,12.863454617800349,16.208819272017713,22.59485982650353,98796.75308622739,,101798.53773966274,-7651.9330000000045,bearish,5.968e-05,Risk-Off,Greed,1.005,2.3533,1398.9938426,196263249395.68,96.0,97664.5
2025-02-02T00:00:00+00:00,97664.5,42.832582487677655,-647.6961527138321,14.127262640964092,14.714141595301427,27.6633254302664,98752.35100441455,,102339.0700558685,-12342.47099999999,bearish,0.0001,Risk-Off,Fear,1.0009,2.2786,-2084.33644868,196397512118.68002,96.0,101293.7
2025-02-03T00:00:00+00:00,101293.7,50.79952813310648,-587.6030614115984,16.170971022814175,12.176335782524184,30.353043921542657,98852.01174933948,,102228.78207077253,-7793.343999999983,bearish,2.612e-05,Risk-Off,Greed,1.0079,2.3717,-18424.51846639,196391425216.75998,96.0,97709.9
2025-02-04T00:00:00+00:00,97709.9,44.24258626887094,-759.1730830746205,18.068700234532113,11.147220402910866,27.787675745463776,98807.22305328696,,102163.65878384405,-4497.554999999993,bearish,4.138e-05,Risk-On,Neutral,1.027,2.2808,-54837.45071453,196704822275.46,96.0,96553.2
2025-02-05T00:00:00+00:00,96553.2,42.34289152698196,-910.3289109692302,19.830877359698768,10.628556922319511,26.494756784614783,98718.82999237374,,102134.10439990678,-390.3319999999949,bearish,1.61e-05,Neutral,Neutral,1.0263,2.2465,-12857.33889553,197537789575.5,95.0,96515.1
2025-02-06T00:00:00+00:00,96515.1,42.27849658248884,-967.3044169518892,21.555347134869823,10.048098818982302,25.820965310083523,98632.40920835908,,101888.75623595738,2233.1729999999807,bearish,7.983e-05,Neutral,Fear,1.0191,2.2433,-10733.67738045,,95.0,96454.5
2025-02-07T00:00:00+00:00,96454.5,42.168648299445486,-961.49398656914,22.685265900940667,10.929269491421426,23.974144795136525,98547.0010041097,,101590.15617514259,-3453.5749999999825,bearish,-4.1e-05,Risk-Off,Fear,1.0062,2.2388,-2909.30287736,200395520303.94,95.0,96411.9
2025-02-08T00:00:00+00:00,96411.9,42.08586710747704,-913.2949827658584,23.734476183720737,10.703148278488307,23.478131525048752,98463.27155296814,,101448.64150940494,-1663.9560000000056,bearish,3.873e-05,Risk-Off,Fear,1.0072,2.243,13551.00769445,200656575965.87,95.0,96423.6
2025-02-09T00:00:00+00:00,96423.6,42.119474545511984,-835.5074306185699,24.91986928387311,10.220102698889038,24.035299353784456,98383.2844332439,,100971.54987185441,-3596.327999999994,bearish,1.802e-05,Risk-Off,Fear,1.0362,2.2325,-14529.7545846,201339788932.41,95.0,97379.2
2025-02-10T00:00:00+00:00,97379.2,44.93032859553919,-681.110318298416,25.49879265506819,11.445087294204868,22.732001218532254,98343.9085731167,,100571.77934761043,-925.7190000000119,bearish,4.218e-05,Neutral,Neutral,1.0078,2.256,-4280.52761676,201409727590.9,95.0,95731.4
2025-02-11T00:00:00+00:00,95731.4,41.21361119100292,-651.3800873857638,26.13510180110543,10.71159162272179,21.94924515397619,98241.45725652389,,100240.63628230582,1389.6900000000023,bearish,1.298e-05,Neutral,Fear,1.015,2.2178,-229.44889405,201647935492.15002,95.0,97816.3
2025-02-12T00:00:00+00:00,97816.3,47.168557245680226,-461.65032965980515,26.934951794620567,9.946651923835386,21.797813888477105,98224.78442293472,,99590.2029377952,242.36699999999837,bullish,4.96e-05,Neutral,Neutral,1.0052,2.2615,-40.88098865,201514060609.12,96.0,96560.6
2025-02-13T00:00:00+00:00,96560.6,44.26050149878825,-393.7190089124804,27.677669645741762,9.433013842175068,20.67219017149186,98159.52228870199,,99218.68149103556,-1022.0979999999981,bullish,4.1e-05,Risk-On,Neutral,1.0035,2.2327,-2723.67933788,201672176331.71002,96.0,97445.1
2025-02-14T00:00:00+00:00,97445.1,46.75084624314778,-268.20973155523143,27.925418070733226,10.342965600955564,19.700278864761394,98131.50572836075,,99048.65498789368,362.83699999999953,bearish,5.5e-07,Neutral,Neutral,1.0076,2.2517,3889.12367512,201716085242.36,96.0,97538.0
2025-02-15T00:00:00+00:00,97538.0,47.01859192239045,-163.09786862519718,28.15547017965387,10.187999053826646,19.405113598731035,98108.23099391522,,98933.4631447187,-238.70100000000093,bearish,3.39e-05,Neutral,Neutral,1.0068,2.2545,10079.78937239,201718426020.11,96.0,96067.0
2025-02-16T00:00:00+00:00,96067.0,43.30550976976462,-175.71355884901038,28.74423906103767,9.845278871024888,21.113858179880403,98028.18271964403,,98690.15389535051,-403.3050000000003,bearish,6.239e-05,Neutral,Neutral,1.0021,2.222,404.69466737,201812057137.37003,96.0,95743.2
2025-02-17T00:00:00+00:00,95743.2,42.50971336855081,-187.84515262452567,29.547616299449228,9.464171116601648,22.078608102261637,97938.5755541678,,98437.76234839641,97.75599999999395,bearish,9.488e-05,Neutral,Neutral,1.0027,2.2126,-513.04806787,202072703537.8,96.0,95622.0
2025-02-18T00:00:00+00:00,95622.0,42.19713977280844,-185.67977014307928,30.789086084431563,8.787585332645454,24.328247261979623,97847.72945400435,,98005.946553023,-1508.3159999999916,bearish,7.007e-05,Neutral,Fear,1.005,2.2037,1566.41694274,202126145990.29,96.0,96598.0
2025-02-19T00:00:00+00:00,96598.0,45.662104422259524,-104.22289035397296,31.84183883406404,8.738715294088157,23.346227675977914,97798.7204558081,,97645.10804901665,1176.5509999999922,bearish,2.42e-05,Neutral,Neutral,1.0045,2.2305,2011.44713006,202115227401.65,95.0,98252.9
2025-02-20T00:00:00+00:00,98252.9,51.02312163931347,66.22561659139444,31.62781168613702,12.238329444300595,22.160963226429104,97816.53141832544,,97342.57304172269,555.5099999999948,bearish,7.346e-05,Neutral,Greed,1.007,2.2692,3280.07492745,201657139006.05002,95.0,96127.9
2025-02-21T00:00:00+00:00,96127.9,44.89764595954015,42.141829956446145,31.917413957450467,11.029889027338797,23.268225909817115,97750.31057839112,,97196.55578626117,-1559.6509999999835,bullish,0.0001,Neutral,Neutral,1.0064,2.2145,-2639.32532563,201734965680.27,95.0,96503.3
2025-02-22T00:00:00+00:00,96503.3,46.128071491215685,56.8651191689479,32.18633035224153,10.711504947000314,22.59657520788865,97701.40820276794,,97093.19959173913,148.32800000000861,bullish,4.112e-05,Neutral,Neutral,1.0081,2.226,4638.68518654,201624475336.46,95.0,96218.4
2025-02-23T00:00:00+00:00,96218.4,45.30131267955957,52.8717020269994,32.60361996684093,10.355406064019641,23.064429958562897,97643.25101834566,,96869.08692851156,-3380.0570000000007,bullish,-2.97e-05,Neutral,Neutral,1.003,2.2136,3550.11259813,203120201752.25,95.0,91514.5
2025-02-24T00:00:00+00:00,91514.5,34.353356983241355,-244.77440424369286,33.99199033444862,9.163253796664671,29.04945522950415,97402.90784115564,,96410.12231827425,-8731.872000000003,bearish,0.0001,Neutral,Extreme Fear,1.0034,2.1164,-2630.61259181,203186432294.03,95.0,88639.1
2025-02-25T00:00:00+00:00,88639.1,29.638173923944507,-593.624737664099,36.13372646625073,7.930914737737546,36.10073052170144,97059.2291022868,,95228.86326670401,-11359.187999999966,bearish,3.521e-05,Mixed,Extreme Fear,0.9984,2.0451,-17914.65053876,203261658298.58,95.0,84208.5
2025-02-26T00:00:00+00:00,84208.5,24.140029636058586,-1054.177817659629,38.53842851869281,6.83871991529762,38.450148912205364,96555.27894141282,,93923.5889607551,-14589.581000000006,bearish,0.0001,Neutral,Extreme Fear,0.9946,1.9372,-10877.39314103,202537853346.38,95.0,84668.1
2025-02-27T00:00:00+00:00,84668.1,25.68020910526053,-1246.1172375995448,40.7713661388176,6.2665371345732215,35.23309756394944,96089.11506135741,,92955.84502331058,-0.7520000000367872,bearish,9.433e-05,Mixed,Extreme Fear,1.0018,1.9513,-2040.09865281,201910172828.09,95.0,84299.6
2025-02-28T00:00:00+00:00,84299.6,25.237771712531796,-1309.6402919291693,43.23448300062784,5.492095713911499,38.89744724927293,95626.78113738261,,91424.9171644502,-11076.025000000023,bearish,-1.4e-07,Mixed,Extreme Fear,0.9918,1.9429,-9904.66788455,201458219171.94998,95.0,86007.7
2025-03-01T00:00:00+00:00,86007.7,31.15836123931186,-1153.8357768358173,44.786782988413854,7.845303194451739,36.94236653319539,95249.56226924997,,91072.61070007915,1814.1410000000033,bearish,-1.094e-05,Mixed,Fear,0.9994,1.9798,4193.33865732,201283437858.06998,95.0,94222.8
2025-03-02T00:00:00+00:00,94222.8,51.18212888253198,-450.8371568512571,43.02546814987998,20.52239395786976,30.866053495985913,95209.29708222057,,90910.06564783794,9282.909999999974,bearish,-2.869e-05,Mixed,Fear,1.0121,2.1723,-212.95302254,201998162716.71,95.0,86192.7
2025-03-03T00:00:00+00:00,86192.7,39.18436749208312,-477.4233853173482,41.389961514098516,17.596879187204607,26.4660261112655,94855.70503978056,,90479.51655785221,-11412.80800000002,bearish,5.272e-05,Mixed,Extreme Fear,1.0057,1.9891,-9776.8343666,202052379144.18,95.0,87245.9
2025-03-04T00:00:00+00:00,87245.9,41.133427473698305,-379.1424381341767,40.58401094087515,15.613752326781968,29.065042168537403,94557.28131273034,,89766.6925358084,-2947.850000000035,bearish,4.113e-05,Mixed,Extreme Fear,0.9939,2.0119,-2685.61887563,202170540495.41998,95.0,90566.1
2025-03-05T00:00:00+00:00,90566.1,46.909886637608075,-62.21042780236894,39.2058076547021,17.572938743314634,27.07895379138028,94400.76439850562,,89533.76604180268,-948.3980000000447,bearish,3.538e-05,Risk-On,Extreme Fear,1.0146,2.0855,-1139.60887089,202094701065.83002,95.0,89887.8
2025-03-06T00:00:00+00:00,89887.8,45.918545036790846,120.12059462301568,37.414124012953174,18.89226798483982,25.10577586800446,94223.7854024858,,89337.07258124051,128.08799999998882,bearish,-6.12e-06,Mixed,Fear,1.0125,2.0746,-16759.83785981,202408908461.02002,96.0,86753.8
2025-03-07T00:00:00+00:00,86753.8,41.549499210010694,51.53741582975272,36.37835000964304,17.101667896985916,27.268282372987056,93930.84479846674,,89109.61936690388,-4964.25900000002,bearish,5.328e-05,Risk-On,Fear,1.0011,1.9906,-10864.76055071,202923419194.94,96.0,86184.7
2025-03-08T00:00:00+00:00,86184.7,40.79051636249554,-7.150217980515663,35.41655986371221,16.650227720003723,26.548469645093352,93627.07441421316,,88975.19044632351,-1510.8369999999995,bearish,1.208e-05,Risk-On,Fear,0.9999,1.9817,5699.74537334,203414430665.94,96.0,80688.8
2025-03-09T00:00:00+00:00,80688.8,34.27840658451265,-370.9595824666944,35.41250991267108,15.066945457392137,31.55097828284147,93119.69110385186,,88570.84072041686,-9383.527999999991,bearish,3.952e-05,Risk-On,Extreme Fear,0.9954,1.8553,-3256.56964874,204319334608.54,96.0,78567.8
2025-03-10T00:00:00+00:00,78567.8,32.14551201929916,-690.7181229534121,35.76963972620369,13.651003406544666,32.16720961801635,92549.02870762238,,87733.59087886261,1241.210999999952,bearish,4.705e-05,Mixed,Extreme Fear,0.9965,1.8183,-21111.43224206,204338774626.36,96.0,82896.0
2025-03-11T00:00:00+00:00,82896.0,40.3078953897462,-552.9570254822679,36.21863395090079,12.324806829173088,30.21527670339416,92170.47856222541,,87115.60862518771,889.149000000034,bearish,5.76e-06,Mixed,Fear,1.002,1.903,-7236.25367052,204277897719.44,96.0,83640.7
2025-03-12T00:00:00+00:00,83640.7,41.60938345107937,-363.08344431415253,36.330586816319325,12.894046506056647,28.556563103721484,91835.97744213814,,86680.70538520867,-2879.9640000000363,bearish,4.3e-06,Neutral,Fear,1.0062,1.9219,107519.06558983,204162902308.77002,96.0,81085.4
2025-03-13T00:00:00+00:00,81085.4,38.506915831972606,-360.2710048118506,36.54138641648262,12.088814836019948,27.7305839495196,91414.38616989744,,86067.84809791378,-3796.0659999999916,bearish,5.386e-05,Mixed,Fear,0.9992,1.8643,58424.68671463,204486441722.70996,97.0,83939.8
2025-03-14T00:00:00+00:00,83939.8,43.568593362867084,-128.79675120549837,36.38273301195559,12.688040703309309,25.94803367465283,91121.26514362695,,85858.15369708216,479.23199999998906,bearish,-6.035e-05,Risk-On,Fear,1.0094,1.932,25846.14935749,204780463356.06,97.0,84302.9
2025-03-15T00:00:00+00:00,84302.9,44.197831983234586,75.16864267864048,36.2354119934662,12.484288107646178,25.531343711466796,90853.87827524943,,85725.98571758742,1418.8559999999998,bearish,4.32e-06,Risk-On,Fear,1.0025,1.9375,63253.08274222,205063667168.88,97.0,82541.6
2025-03-16T00:00:00+00:00,82541.6,41.76507075663851,115.4542436838683,36.406769241774754,11.86321306947416,26.800845208965562,90527.90657818083,,85399.42013609971,-252.61800000001676,bearish,1.065e-05,Risk-On,Fear,1.0007,1.8948,8361.74113366,205313858053.09998,97.0,83962.9
2025-03-17T00:00:00+00:00,83962.9,44.42350999252345,253.879637034378,36.5658866866327,11.416795899505741,25.7923193230288,90270.45533982081,,85057.99743507062,-2856.529999999999,bearish,7.03e-06,Risk-On,Fear,1.0003,1.9296,-3884.68952323,205618502151.04004,97.0,82666.1
2025-03-18T00:00:00+00:00,82666.1,42.51641740895195,272.5192280164697,36.95805819688254,10.877552012003472,26.667684924541142,89972.2453264945,,84962.39932305006,-1485.2609999999986,bearish,2e-06,Mixed,Fear,0.9996,1.8989,11571.83234897,205584861277.31,97.0,86809.8
2025-03-19T00:00:00+00:00,86809.8,49.91526786395121,561.6811541052939,36.05834193069571,15.022945375193974,24.700345634854877,89848.22786271041,,84990.7075030095,8945.854999999981,bearish,1.944e-05,Risk-On,Neutral,1.0101,1.9912,9160.53539334,205612461106.2,97.0,84183.6
2025-03-20T00:00:00+00:00,84183.6,45.88430535741423,571.9235057216415,35.02549814664781,14.900632269550238,23.110471529286563,89626.08559358452,,85238.11223292463,1860.2339999999967,bearish,1.615e-05,Mixed,Fear,1.0084,1.9298,-4538.23526953,205670595324.53998,97.0,84050.3
2025-03-21T00:00:00+00:00,84050.3,45.682648191142064,564.5950754056444,34.19269602332273,14.464227184455487,23.284755897163407,89407.42733501257,,85199.83114370068,432.5810000000056,bearish,2.836e-05,Neutral,Fear,1.004,1.9282,4899.62896398,205879917542.33997,97.0,83804.9
2025-03-22T00:00:00+00:00,83804.9,45.288043584455885,538.1970013072173,33.41937976594944,14.22042564597454,22.892280085045186,89187.72038069835,84742.77949999999,84746.28504628016,-2903.887999999999,bearish,2.099e-05,Neutral,Fear,1.0017,1.9224,3874.70618088,206168190745.88998,97.0,86044.2
2025-03-23T00:00:00+00:00,86044.2,49.56890966753693,658.5713640470558,32.009402773592534,16.612200016945263,21.877472464248502,89064.44507165137,84755.72895771143,84411.9503853659,5816.922999999995,bearish,2.039e-05,Neutral,Fear,1.0058,1.9664,1260.29698604,206543133134.99,97.0,87463.4
2025-03-24T00:00:00+00:00,87463.4,52.12554756869394,810.7917402876592,29.739424783703146,20.60754631518245,20.513087730404518,89001.65899041014,84782.67095813222,84411.44563478477,2277.610000000015,bearish,-3.422e-05,Risk-On,Fear,1.0122,2.0009,31515.1729948,206518816191.50998,97.0,87369.8
2025-03-25T00:00:00+00:00,87369.8,51.938532127462274,876.6016169701675,27.63158807880586,19.70213320275949,19.611824750167642,88937.66452019798,84808.41353566325,84221.01749418968,-191.2149999999965,bearish,-2.99e-05,Neutral,Neutral,1.0021,2.0027,35107.71086208,206640118676.46,96.0,86873.8
2025-03-26T00:00:00+00:00,86873.8,50.896443201542034,857.1230237742934,25.808195569606394,18.731220682758366,19.536407141955525,88856.72865666081,84828.96464476113,83926.76430592734,-6121.942999999999,bearish,-3.082e-05,Mixed,Fear,1.0066,1.9885,-856.22477712,206703459294.87003,95.0,87191.2
2025-03-27T00:00:00+00:00,87191.2,51.5661337606253,835.1641010129888,24.15113605597025,17.955396316165075,18.917544974113902,88791.41380738,84852.4694741665,83642.8239852443,-4435.489000000001,bearish,-3.76e-05,Mixed,Fear,1.0029,1.9967,2916.66904369,207298617558.72998,94.0,84380.8
2025-03-28T00:00:00+00:00,84380.8,45.6317666866942,611.2892819371939,23.42779342433332,16.50424491154293,21.88858571162963,88618.44856003177,84847.77624556785,83666.28428505038,-4282.421999999991,bearish,5.364e-05,Mixed,Fear,1.0154,1.9283,-15381.57717753,207636722894.36,94.0,82604.7
2025-03-29T00:00:00+00:00,82604.7,42.31731352941266,337.20673652591813,23.37035827034086,15.481673058283091,24.534903883431635,88382.61528316778,84825.45707894528,83712.45357628968,-4696.950999999986,bearish,3.41e-06,Mixed,Fear,0.9958,1.8872,3683.6821388,208012417237.91,94.0,82352.8
2025-03-30T00:00:00+00:00,82352.8,41.85299440241569,142.52514169171127,23.347567331953503,14.823560033303366,23.704854791840738,88146.15193872982,84800.85352592096,84083.72268128228,-1855.8190000000031,bearish,2.643e-05,Mixed,Fear,0.9954,1.8812,655.86575639,207817773097.78998,94.0,82517.5
2025-03-31T00:00:00+00:00,82517.5,42.29878770324004,34.07765044311145,23.118336777135443,14.844048151340719,22.330355862784636,87925.42049015219,84778.13359033965,84325.24578367455,2300.9860000000044,bearish,3.961e-05,Neutral,Fear,0.9972,1.8871,-5457.20777079,207831507674.93,,85120.9
2025-04-01T00:00:00+00:00,85120.9,48.95993973972791,140.91948827555098,22.07756950505523,17.500676462602073,20.772076356705014,87815.43929445994,84781.54420138105,84452.09507083143,2706.8619999999937,bearish,3.573e-05,Neutral,Fear,0.9991,1.9501,4463.38047804,207795073213.41003,94.0,82485.1
2025-04-02T00:00:00+00:00,82485.1,43.486334784209,42.42499274930174,21.059092439045212,21.218156855703814,18.14072866311942,87606.40638095171,84758.69401032254,84634.83854123122,1135.4539999999688,bearish,5.862e-05,Risk-On,Extreme Fear,1.0131,1.8883,-14630.5193697,207406321516.97998,94.0,83181.5
2025-04-03T00:00:00+00:00,83181.5,45.22861222216768,32.94942994261646,19.656597476059755,20.021219330679752,19.458957279934967,87432.88064052223,84743.00053758302,84594.35278453963,2954.5009999999893,bearish,4.283e-05,Mixed,Fear,1.0211,1.8942,-12634.76996963,207453157894.47003,94.0,83861.3
2025-04-04T00:00:00+00:00,83861.3,46.94799557078549,78.63146260602048,18.658374190024716,20.40633567320024,18.212232726824404,87292.8186546194,84734.22739790559,84493.37525716629,-2724.70199999999,bearish,8.559e-05,Risk-Off,Fear,1.0044,1.9127,-4965.16625278,207955646748.94998,94.0,83506.1
2025-04-05T00:00:00+00:00,83506.1,46.133088691553006,90.2599808315872,17.73145256727789,19.563903029235373,17.460379007750696,87144.31988385002,84722.0072247921,84523.04640439614,-1244.5800000000017,bearish,2.21e-06,Risk-Off,Fear,1.0025,1.9017,7754.63297311,208410020714.26004,93.0,78390.0
2025-04-06T00:00:00+00:00,78390.0,36.3469804085234,-224.1004066304181,17.924519950495455,16.932290183395185,25.629543869905174,86801.01322173826,84659.00217777926,84219.31584459607,-9484.707000000053,bearish,4.946e-05,Risk-Off,Extreme Fear,0.9958,1.7801,1001.56049829,207907018757.62997,93.0,79140.0
2025-04-07T00:00:00+00:00,79140.0,38.40959215445771,-351.4334658777707,18.780813722951127,14.772053846121914,27.381202664614058,86500.5813306897,84604.08673322423,83352.70336269058,-1715.6929999999702,bearish,4.074e-05,Neutral,Extreme Fear,1.0013,1.8128,-20503.45453427,207855948609.75003,93.0,76297.9
2025-04-08T00:00:00+00:00,76297.9,33.9235573542757,-583.3048519910117,19.575943654517108,13.498087708409736,25.019802864158386,86100.47618046658,84521.43810901305,82827.75281026516,-96.90399999998044,bearish,9.568e-05,Risk-Off,Extreme Fear,0.9941,1.744,-171.32817158,207747506068.43,93.0,82588.0
2025-04-09T00:00:00+00:00,82588.0,48.31204559418926,-284.4186156666981,19.162303032866827,16.065919512308522,21.203499601713688,85962.73201652672,84502.19991887362,82411.02455448208,-2529.1199999999953,bearish,7.705e-05,Mixed,Fear,1.0061,1.8872,5671.97923312,207609538193.20004,93.0,79560.2
2025-04-10T00:00:00+00:00,79560.2,43.4116704544074,-262.53025660611434,18.778208169905856,14.896240867611098,19.659779638597115,85711.6523296041,84453.0257903276,82235.42316837581,-4331.130000000005,bearish,6.775e-05,Mixed,Extreme Fear,1.0093,1.8147,7169.72282685,207634081794.28998,93.0,83378.3
2025-04-11T00:00:00+00:00,83378.3,50.262770219542475,22.08147966399588,17.790085268193643,16.21754144568461,17.90471201861945,85620.14831667845,84442.33200136913,82216.26506660528,5366.551000000036,bearish,3.654e-05,Mixed,Fear,1.0035,1.9005,634.99687122,207194038851.94,93.0,85237.8
2025-04-12T00:00:00+00:00,85237.8,53.23246274468626,331.3997169455097,16.741977561841562,18.0450098475833,16.954231411585823,85605.15426504401,84450.24710583311,82235.24751197932,7991.924999999988,bearish,5.057e-05,Mixed,Fear,1.0076,1.9433,11791.60093602,207579236419.15,93.0,83713.7
2025-04-13T00:00:00+00:00,83713.7,50.56742889596372,423.29976301040665,15.845845266454656,17.44817906242527,16.04285333636734,85530.97958798346,84442.9182789094,82114.9754966215,2331.8859999999986,bearish,8.113e-05,Mixed,Fear,1.0105,1.9039,-1215.72834353,207758169023.22,93.0,84553.9
2025-04-14T00:00:00+00:00,84553.9,51.99426213319809,524.0280634181686,15.013722420738242,16.784236028285136,15.43238615338485,85492.66274139586,84444.02257464165,82042.68221423161,1904.953999999998,bearish,-2.073e-05,Mixed,Fear,1.0105,1.9262,929.99173155,207736362220.38,93.0,83608.7
2025-04-15T00:00:00+00:00,83608.7,50.23749689546581,509.87497572675306,14.511818852151515,17.157269586016785,14.619255501815054,85418.78184957641,84435.7109072323,81954.08631127977,965.1419999999925,bearish,2.428e-05,Risk-Off,Fear,1.0093,1.9071,17992.31920723,207762564568.81003,93.0,83990.0
2025-04-16T00:00:00+00:00,83990.0,50.95737635377691,507.9504106881234,13.81581740013651,16.374265723511936,14.883937568351843,85362.75118880872,84431.27597283197,81890.7213722456,-815.3420000000042,bearish,1.978e-05,Mixed,Fear,1.0065,1.9173,29776.73794246,207845170279.21005,93.0,84915.0
2025-04-17T00:00:00+00:00,84915.0,52.74337004946537,547.3312777058005,13.169530337551146,15.81706086044269,14.377447534860075,85345.19231865936,84436.08914723166,81828.84981465581,2987.896999999997,bearish,1.788e-05,Neutral,Fear,0.9703,1.9397,28713.72749361,208379116302.22998,93.0,84421.0
2025-04-18T00:00:00+00:00,84421.0,51.66133397157514,518.7324355414361,12.569406636579023,15.542328611124622,14.127720449938556,85308.94948263351,84435.93900646319,81829.4688208945,-405.48799999999756,bearish,2.93e-05,Neutral,Fear,1.0037,1.9278,40070.83112844,208518680046.86002,93.0,85046.9
2025-04-19T00:00:00+00:00,85046.9,52.977593132420516,519.3115327711955,12.258184245653979,16.193176259619626,13.735357340779794,85298.67303233416,84442.01822032922,81861.36513295845,828.1179999999877,bearish,-2.98e-06,Neutral,Fear,1.001,1.9435,17694.18845552,209054544330.82,93.0,85138.8
2025-04-20T00:00:00+00:00,85138.8,53.17918867425849,502.88619140113786,11.725882771230006,15.687123637596073,14.248431741505495,85292.4035016544,84448.95137236574,81885.07945846894,-723.6779999999999,bearish,5.232e-05,Neutral,Fear,1.0036,1.9426,8205.65352929,209029741100.75003,93.0,87466.0
2025-04-21T00:00:00+00:00,87466.0,58.08032574050293,618.1692854616574,12.61190333652937,21.570746370780714,13.184295456152292,85377.6425800209,84478.97175672032,82063.78976050921,10548.494999999995,bullish,1.553e-05,Mixed,Neutral,1.0117,1.9928,-941.6639369,208869140809.30002,93.0,93404.9
2025-04-22T00:00:00+00:00,93404.9,67.445668599773,1039.0426685126045,14.980854411452428,30.22575479252005,11.242665482312715,85692.43698864753,84567.78696312112,82523.0127097717,21206.01899999997,bullish,-1.389e-05,Mixed,Greed,1.0183,2.1283,6899.0022612,208880635952.99,93.0,93632.1
2025-04-23T00:00:00+00:00,93632.1,67.74257697565452,1262.5157073896178,17.332747911215705,29.919324432219568,10.537517935607159,86003.79632242607,84657.9791326423,83014.78249066234,-1735.6020000000135,bullish,-2.671e-05,Mixed,Greed,1.033,2.1261,7189.36023326,209005564490.73,92.0,93931.6
2025-04-24T00:00:00+00:00,93931.6,68.15489239169654,1352.2836972651703,19.355451067638473,28.411787451997977,10.601836924166408,86314.69058429173,84750.25396714338,83314.73780560924,3512.0719999999856,bullish,-2.165e-05,Mixed,Greed,1.02,2.1262,31224.36460106,209838760699.61996,93.0,94591.8
2025-04-25T00:00:00+00:00,94591.8,69.09272220683181,1373.4790696140954,21.60371689252594,30.437181193090318,9.922090256144378,86639.28311039794,84848.1797983161,83740.85139732731,-3166.439000000013,bullish,1.2e-06,Mixed,Greed,1.0412,2.1397,-810.47473806,210686897974.38998,93.0,94575.7
2025-04-26T00:00:00+00:00,94575.7,69.03932569403479,1304.2930346616747,23.691392301350024,29.531637144718193,9.626895713592509,86950.5151452843,84944.971044104,84139.80979119323,-794.7790000000095,bullish,2.855e-05,Mixed,Greed,1.0122,2.1369,68478.60494511,211335285321.76004,92.0,93697.1
2025-04-27T00:00:00+00:00,93697.1,66.03990728662154,1124.0690481682282,25.443045312075792,28.342962572941836,9.902898641451264,87215.08710037118,85032.05690436167,85323.66765758433,289.85299999998824,bullish,-4.21e-06,Mixed,Neutral,1.0077,2.1163,30943.65698403,211808780124.58002,92.0,94969.0
2025-04-28T00:00:00+00:00,94969.0,68.1941469198454,1018.3741692927924,26.513794991681348,26.439369809469177,11.214554821148628,87519.16211604289,85130.93196003967,86380.13859308352,1053.738000000012,bullish,-7.73e-06,Mixed,Greed,1.0181,2.1415,2471.94061115,212896047049.87,92.0,94200.1
2025-04-29T00:00:00+00:00,94200.1,65.48957285427002,832.3732223599259,27.508062551315078,25.327236905499717,10.742831194229884,87781.15968011964,85221.17243804922,87664.78242364185,1108.5500000000175,bullish,1.305e-05,Neutral,Greed,1.0219,2.1165,55688.75288224,212735503347.14005,92.0,94125.1
2025-04-30T00:00:00+00:00,94125.1,65.21786982918734,648.1743947234504,27.866329537348413,23.879884107611417,12.158750527830628,88029.94165344829,85309.76873219799,88605.15141131429,907.7240000000165,bullish,3.519e-05,Neutral,Neutral,1.0123,2.1177,30896.51601706,212755441350.19998,93.0,96423.3
2025-05-01T00:00:00+00:00,96423.3,69.40642114241348,624.7358666822547,28.866549475136544,27.301716777445755,11.186801690475718,88359.0929611562,85420.35113287265,89569.26259494733,8524.084999999992,bullish,-0.00012232,Mixed,Greed,1.0166,2.1635,-918.73611982,213871465685.97003,93.0,96831.2
2025-05-02T00:00:00+00:00,96831.2,70.09476501661814,581.2290370272822,29.925419132891143,27.415426468742698,10.743510413357214,88691.33245287558,85533.89191762019,90110.30049408825,-1728.7220000000088,bullish,-5.953e-05,Neutral,Greed,1.0174,2.17,-4431.02425679,213663551262.19998,93.0,95803.3
2025-05-03T00:00:00+00:00,95803.3,66.06107387691635,434.470344355248,30.502410902527906,26.577913513712915,11.939879555166803,88970.23314099811,85636.07508261899,90619.61680794565,-2699.472999999998,bullish,-1.483e-05,Neutral,Greed,1.0096,2.1488,7549.36499782,213660747144.25003,92.0,94230.2
2025-05-04T00:00:00+00:00,94230.2,60.33837595273613,194.9050813297199,30.01545463284027,25.06065053694822,15.46268834982379,89176.50635115505,85721.58876338897,91151.75549607242,-2141.8369999999995,bullish,-2.404e-05,Neutral,Neutral,1.0017,2.1136,5036.00331906,213879346113.76,92.0,94696.7
2025-05-05T00:00:00+00:00,94696.7,61.406087647025025,39.44714393620234,29.16375199414316,23.885976808747237,16.56732085244876,89392.9845334627,85810.893352808,91714.40707162194,2336.8710000000137,bullish,-2.247e-05,Neutral,Greed,1.0238,2.1198,-22515.99156223,214109685266.01,93.0,96798.9
2025-05-06T00:00:00+00:00,96798.9,65.8655589052554,49.15205546556399,29.02006932503161,26.1871698104801,15.003105964760993,89683.41259097398,85920.22675228254,92459.82597057385,785.1680000000051,bullish,7.57e-06,Mixed,Greed,1.0202,2.1566,-625.33772907,214312938059.56,94.0,96988.4
2025-05-07T00:00:00+00:00,96988.4,66.24420438581242,39.69302040383218,29.167313547144623,27.004072743123743,14.197889586734828,89969.88268544558,86030.35782937426,93076.66044247415,-387.81399999998393,bullish,2.318e-05,Neutral,Greed,1.0165,2.1642,2066.56773041,214618984264.16,94.0,103228.1
2025-05-08T00:00:00+00:00,103228.1,75.77364230513083,404.7374143414513,30.872559245884776,37.989294239607865,11.656690131384394,90489.81277621243,86201.47964201731,94012.03348777897,16686.50900000002,bullish,5.728e-05,Mixed,Greed,1.0252,2.2908,6926.55812874,213916793815.51004,94.0,102941.9
2025-05-09T00:00:00+00:00,102941.9,74.73153262825286,567.9869011563615,32.46775690955298,36.17393338876287,11.048880864983147,90978.12992224332,86368.05098886292,94664.8690650976,-2956.8919999999925,bullish,4.378e-05,Neutral,Greed,1.0263,2.2831,130933.22672883,213930998331.97,93.0,104788.8
2025-05-10T00:00:00+00:00,104788.8,76.93592890363009,731.0323433977237,34.06191753124224,35.73974181860714,10.439809978753415,91519.72482725339,86551.3420237996,95211.83565890351,2167.6929999999993,bullish,0.0001,Neutral,Greed,1.0093,2.318,174927.10608728,213917029230.52002,93.0,104072.7
2025-05-11T00:00:00+00:00,104072.7,74.23187002040245,720.1719400033635,35.54220953709655,34.2122329671719,9.993614753539298,92011.99836343955,86725.68389420956,96262.01392271965,-4905.1449999999895,bullish,0.0001,Neutral,Greed,1.0112,2.3032,6933.65420519,214018511035.93,93.0,102739.3
2025-05-12T00:00:00+00:00,102739.3,69.3445504203544,559.843980570814,35.3691882987008,29.926952912208936,15.035445902096686,92432.67685899095,86885.02335794877,97290.06904087459,-5809.429000000004,bullish,6.847e-05,Mixed,Greed,1.0187,2.2766,-5857.22071852,214355974197.02,93.0,104082.0
2025-05-13T00:00:00+00:00,104082.0,71.38741973166512,483.7437617100504,35.20852572019046,27.397285938486775,13.764528978302426,92889.51306059914,87056.13755339207,97886.01190676041,-881.3699999999953,bullish,7.256e-05,Risk-On,Greed,1.0332,2.297,112919.92886288,214390582516.75,91.0,103458.1
2025-05-14T00:00:00+00:00,103458.1,69.08370245271743,337.8187905514719,35.05933904014514,26.199182949080107,13.162596241107009,93303.96745037957,87219.34115982597,98344.3104561343,-2920.3110000000015,bullish,2.978e-05,Neutral,Greed,1.0152,2.2817,80127.1775055,214726299052.25,92.0,103714.5
2025-05-15T00:00:00+00:00,103714.5,69.51903775500789,211.18737760186787,34.17671087870172,24.33993364277244,15.333137011834202,93712.22362879605,87383.47209355904,98852.46636926653,-1316.646000000008,bullish,1.439e-05,Neutral,Greed,1.0256,2.2793,35734.55322065,214723173939.66003,93.0,103412.2
2025-05-16T00:00:00+00:00,103412.2,68.29794444819952,67.15075354736018,33.486915690583295,24.354117064950074,14.762811225673051,94092.61485903934,87542.9619234739,99126.87512926217,-652.9290000000037,bullish,2.821e-05,Neutral,Greed,1.0197,2.2729,40698.90653755,214790531271.36996,93.0,103079.6
2025-05-17T00:00:00+00:00,103079.6,66.90550683982579,-82.33120715478799,32.53339969334501,23.63123854399517,15.709018795479206,94445.04564888093,87697.55533717066,99370.28768485592,-1450.3489999999874,bullish,6.742e-05,Neutral,Greed,1.007,2.264,34323.79839379,215156360039.77,92.0,106407.6
2025-05-18T00:00:00+00:00,106407.6,72.86651195188168,6.408481659190329,32.66240821992718,29.153834573071247,14.249379575488716,94914.1654273562,87883.72493580579,100004.33243296549,6555.819999999978,bullish,5.99e-05,Neutral,Greed,1.0148,2.3241,3508.57706397,215777371590.61996,92.0,105531.6
2025-05-19T00:00:00+00:00,105531.6,69.32678089220798,-28.495060768865642,32.19396795918404,25.52962988976474,14.960093476667769,95330.53541059713,88059.3256827132,100642.39987963033,-4991.970000000001,bullish,8.378e-05,Neutral,Greed,1.0327,2.3095,-2962.13618912,215864917650.54,93.0,106800.1
2025-05-20T00:00:00+00:00,106800.1,71.48680786890583,-2.1441577380987837,31.819558704029358,23.989198769216756,13.803279841652364,95780.32225724039,88245.80104905437,101350.99790006226,5937.423999999999,bullish,8.767e-05,Neutral,Greed,1.0232,2.3328,54181.58921516,216019731819.38004,93.0,109609.5
2025-05-21T00:00:00+00:00,109609.5,75.58719846325617,159.56001227660317,32.49977161839663,29.549406210067186,12.26306767573856,96322.6429530349,88458.37516796925,102501.49608833138,5422.304000000004,bullish,5.119e-05,Mixed,Greed,1.0273,2.3871,45939.29554966,215871682094.16003,94.0,111662.7
2025-05-22T00:00:00+00:00,111662.7,78.06937547113883,349.0016010900945,33.39720564621114,30.25296546113896,11.456896612163153,96924.21381762177,88689.26397226806,103277.82085895094,3162.9470000000147,bullish,0.0001,Mixed,Extreme Greed,1.0225,2.4191,-1785.10841717,216170064126.22,95.0,107271.5
2025-05-23T00:00:00+00:00,107271.5,63.25601469360926,133.83562756936863,32.90196957914387,26.834958737325014,15.603964286947146,97329.9897463425,88874.16184319077,103793.89795196395,-6586.972999999998,bullish,8.614e-05,Mixed,Greed,1.0197,2.3252,4923.60948724,217005772720.13,95.0,107698.9
2025-05-24T00:00:00+00:00,107698.9,63.972557777906516,-16.44441519009206,32.442107516867125,25.25018871722775,14.68245384086523,97736.61367785849,89061.4726706217,104183.6684789798,-6885.898000000016,bullish,7.837e-05,Mixed,Greed,1.0083,2.3375,28783.70205436,217513883093.08,95.0,108955.9
2025-05-25T00:00:00+00:00,108955.9,66.06834203561195,-65.1966713786087,31.831618970661957,23.64050427536202,14.521573553418929,98176.58569049148,89259.42717141155,104731.16845832122,-5739.301000000007,bullish,7.331e-05,Mixed,Greed,1.0108,2.3576,8668.81117757,218142026437.75003,95.0,109386.8
2025-05-26T00:00:00+00:00,109386.8,66.78171436294247,-100.32877971362268,31.62954987119618,25.275836635384437,13.910701511196292,98616.2019379232,89459.69953786516,105311.13812947363,399.1579999999958,bullish,9.782e-05,Mixed,Greed,1.0424,2.3615,-18084.08912151,218351664050.22,94.0,108889.3
2025-05-27T00:00:00+00:00,108889.3,65.08048361412483,-184.10200957312009,30.787883289417913,23.34169267991304,15.611047127395317,99019.06852859288,89653.02889569737,105919.12685842194,-4591.456999999995,bullish,2.476e-05,Mixed,Greed,1.0401,2.3483,-12527.1260554,218359981828.32996,94.0,107723.1
2025-05-28T00:00:00+00:00,107723.1,61.14812224887746,-336.22628700615496,29.62742267735656,21.94010584740149,16.36935989471649,99360.40309609905,89832.83059822775,106375.34505845861,-3437.57699999999,bullish,3.186e-05,Risk-Off,Greed,1.0176,2.3196,-379.04485993,218243157619.41998,95.0,105539.9
2025-05-29T00:00:00+00:00,105539.9,54.50810916635674,-587.3533072648584,27.729407430957263,19.994186903115775,18.808678188207896,99602.73630801674,89989.11984600658,106525.28335017481,-6720.119000000006,bullish,8.379e-05,Neutral,Greed,1.024,2.2695,-15613.00307705,218006310791.37997,94.0,103950.0
2025-05-30T00:00:00+00:00,103950.0,50.23038037432254,-848.1671184155057,26.181188825507185,18.720475210188212,21.133364969415595,99773.21723711414,90128.03407639457,106479.34051250576,-5856.317999999999,bullish,8.506e-05,Neutral,Neutral,1.0117,2.2302,-517.03539266,218162029746.39,94.0,104544.7
2025-05-31T00:00:00+00:00,104544.7,51.755530100709024,-960.030918672489,24.95919969427062,17.89311506739038,21.464132327056127,99960.3342082077,90271.48348856976,106502.06934702498,-2448.2580000000016,bullish,4.687e-05,Neutral,Greed,1.0018,2.2453,6940.21003974,218231700600.21002,95.0,105583.3
2025-06-01T00:00:00+00:00,105583.3,54.38455751491181,-942.1548868603054,23.357098647375643,19.33734005688875,20.341119797490904,100180.84267063093,90423.83987176808,106696.95159938307,140.71600000000035,bullish,4.117e-05,Neutral,Greed,1.0044,2.2668,5389.34872447,218316967641.5,95.0,105814.3
2025-06-02T00:00:00+00:00,105814.3,54.97228477093811,-893.28931664541,21.917379213495387,18.223388782293018,19.428640236477122,100401.7625659003,90576.97877851666,106769.17259391333,-1771.5500000000175,bullish,5.005e-05,Neutral,Greed,1.0299,2.2632,4246.30301095,218266468825.41,95.0,105330.1
2025-06-03T00:00:00+00:00,105330.1,53.41863121330448,-871.1681241798983,20.5581230590928,19.554004254962475,18.456344057410284,100595.03070057087,90723.77600460107,106839.26475322762,244.2709999999788,bullish,-1.1e-07,Mixed,Greed,1.0284,2.2491,28960.47330269,218236453213.35,95.0,104641.8
2025-06-04T00:00:00+00:00,104641.8,51.20326406633846,-878.009035836571,19.244071641690805,18.60135483569524,19.42321920160426,100753.72753584261,90862.26380555032,106957.804213992,-1290.6429999999964,bullish,9.62e-06,Neutral,Greed,1.0207,2.2306,87845.94349552,217919250369.03003,95.0,101458.6
2025-06-05T00:00:00+00:00,101458.6,42.43777083590986,-1059.8617506377755,19.565673097510075,16.069050138030548,26.07733909539649,100781.36959326055,90967.69998658964,106773.82986115772,-11905.995999999985,bullish,5.156e-05,Mixed,Fear,1.0021,2.1644,1739.79723389,218643697518.8,95.0,104240.0
2025-06-06T00:00:00+00:00,104240.0,50.423883346162626,-958.8129763761403,19.864303020770823,14.443073711815856,23.438655522733363,100917.00215823072,91099.76267329024,106713.51500810294,-1409.6999999999825,bullish,-2.89e-05,Mixed,Neutral,1.008,2.2214,2291.19687394,219040235481.54,95.0,105507.5
2025-06-07T00:00:00+00:00,105507.5,53.58421540871192,-780.1724057369879,19.801525189979515,15.156822762756207,22.26069276605303,101097.02168143737,91243.12324370527,106740.1832199749,4573.74500000001,bullish,4.808e-05,Mixed,Greed,1.0127,2.2469,8908.12896049,218884594713.97,93.0,105676.5
2025-06-08T00:00:00+00:00,105676.5,54.0052251354079,-630.5889672121277,19.400190015407436,16.07936467728451,21.394173990538352,101276.60906647905,91386.73893282263,106849.20372825974,2386.6440000000002,bullish,-2.164e-05,Mixed,Greed,1.0114,2.2466,59.36363376,219097470059.76004,93.0,110227.9
2025-06-09T00:00:00+00:00,110227.9,63.584902709155145,-225.9476174628487,18.883643849320173,23.850414614733037,18.675615999712463,101627.64008347988,91574.21317229704,106997.5728228875,14329.362999999983,bearish,6.374e-05,Neutral,Greed,1.0151,2.3383,-1689.95867122,219387499411.09998,93.0,110235.4
2025-06-10T00:00:00+00:00,110235.4,63.59835710872125,27.881019260642688,18.403993837953433,22.653443221107747,17.738350192342477,101965.19929589244,91759.89662331896,106891.3801389657,-880.9259999999776,bearish,8.779e-05,Risk-On,Greed,1.0184,2.332,-3122.56775049,219539777329.64,94.0,108600.0
2025-06-11T00:00:00+00:00,108600.0,58.52095386386281,68.9674662497091,17.816791566589966,21.35345618412819,17.406470085906037,102225.38755879861,91927.45984099737,106671.69938839163,-4519.849000000002,bearish,5.039e-05,Mixed,Greed,1.0161,2.2995,21678.34030155,219580097439.41,94.0,105609.5
2025-06-12T00:00:00+00:00,105609.5,50.570411697642214,-112.0790962745582,16.919057209093104,19.704708368604013,21.887689778174494,102358.09785061043,92063.59954407203,106500.95370041292,-8131.746000000014,bearish,-1.801e-05,Neutral,Greed,1.0112,2.242,13559.78210089,220043632599.82996,94.0,106027.3
2025-06-13T00:00:00+00:00,106027.3,51.560545539477786,-205.0983712360544,17.155721560576676,18.04089077761066,27.192716120237836,102501.98813097866,92202.54183716583,106304.62356659977,1311.130999999994,bullish,1.958e-05,Mixed,Greed,1.0171,2.2394,-8070.03322081,220212288958.46,94.0,105359.9
2025-06-14T00:00:00+00:00,105359.9,49.84297983467229,-306.8550917243415,17.3596026369738,17.257870681738023,25.89223033018487,102614.0631062344,92333.4608238607,106179.4873687517,-943.0380000000005,bullish,1.135e-05,Mixed,Greed,1.0052,2.2271,49103.93588987,220196985269.47,94.0,105534.6
2025-06-15T00:00:00+00:00,105534.6,50.309595988809264,-354.313778838085,17.54892077934256,16.515833231369932,24.77894092543318,102728.59396481345,92464.81544252876,106001.0372578698,141.3689999999915,bullish,9.36e-06,Mixed,Greed,1.0117,2.2272,12091.0596514,220700640619.44998,94.0,106750.1
2025-06-16T00:00:00+00:00,106750.1,53.547638746190096,-298.0226704863951,16.387783587835674,21.784093380872864,22.354809437681556,102886.30008384037,92606.95757742897,105825.61926160888,3493.7269999999844,bullish,1.847e-05,Risk-On,Greed,1.0351,2.2588,-19861.82137173,220929916596.72,94.0,104508.0
2025-06-17T00:00:00+00:00,104508.0,47.410458161286606,-399.6307736870999,15.933923324275783,19.498848383625926,23.84817607091589,102949.89615898389,92725.37590999187,105671.84579133758,-1534.1990000000224,bullish,2.211e-05,Risk-Off,Neutral,1.0038,2.2032,-2696.13994725,221007536779.33997,94.0,104832.8
2025-06-18T00:00:00+00:00,104832.8,48.33425610198814,-430.1561783797847,15.512481650970171,18.5188378576389,22.64956869086592,103023.73552529824,92845.8477914845,105553.49913888681,-489.84900000001653,bullish,6.692e-05,Neutral,Greed,1.0082,2.2058,-3534.81810851,220956248039.61002,95.0,104607.1
2025-06-19T00:00:00+00:00,104607.1,47.70712110907767,-448.6793435829609,15.121142954329246,17.904183441677233,21.897812153955304,103085.82824979635,92962.87517664387,105596.01660401432,-1495.0969999999943,bullish,3.565e-05,Neutral,Neutral,1.012,2.2023,10772.17709443,221040825507.53998,95.0,103246.1
2025-06-20T00:00:00+00:00,103246.1,43.999739036465606,-530.1382854177854,15.39593138611818,16.05802483742865,23.57584994280963,103092.11341647101,93065.19582165239,105540.12962548946,-4269.926999999996,bearish,2.4e-05,Neutral,Neutral,1.0087,2.1712,2149.98436308,221030207659.56,95.0,102079.8
2025-06-21T00:00:00+00:00,102079.8,41.05537823642372,-633.1403489074836,16.163081142251198,14.831546444403973,25.327535276188485,103052.4148511192,93154.89337566581,105426.1440040355,-3864.172000000006,bearish,7.44e-05,Neutral,Fear,1.0121,2.1341,8030.23495437,221042649412.75998,95.0,100904.7
2025-06-22T00:00:00+00:00,100904.7,38.2761846347492,-743.3642258351872,17.656867722425446,13.044628030303576,28.416968069175972,102968.19073931061,93232.00587939052,105013.23255725236,580.4060000000172,bearish,-1.061e-05,Neutral,Neutral,1.0031,2.1199,826.17182692,221220703217.32,95.0,105290.9
2025-06-23T00:00:00+00:00,105290.9,51.47924434206879,-495.73302652420006,17.69146243872607,16.962486635473503,24.48079213358359,103059.27737698471,93351.99487561549,104863.32893942982,3707.9809999999707,bearish,4.889e-05,Neutral,Greed,1.0115,2.2135,-5535.25626909,221083676399.54,95.0,106034.9
2025-06-24T00:00:00+00:00,106034.9,53.30386241414594,-268.0932542035198,17.63621480606356,16.754862196985123,23.578450207414217,103175.96846024023,93478.19293655465,104894.15844310597,-847.484999999986,bearish,4.47e-06,Mixed,Greed,1.018,2.2204,7393.89277822,221054208545.81,95.0,107280.0
2025-06-25T00:00:00+00:00,107280.0,56.26775314135882,-32.32690394894814,16.760449436243956,20.056077327931728,22.334798712014724,103336.91087356415,93615.52435012127,105175.84667483097,3019.9469999999856,bearish,1.41e-06,Neutral,Greed,1.0197,2.2451,-1573.43382822,221453417840.77,94.0,106913.7
2025-06-26T00:00:00+00:00,106913.7,55.158549130864735,93.41166232822407,15.881360881709133,19.597927863312385,21.424753895416185,103477.17711381653,93747.84450584145,105339.42928149826,-929.2379999999976,bearish,1.113e-05,Mixed,Greed,1.0304,2.2341,-7139.13979961,222163199372.65002,94.0,107010.7
2025-06-27T00:00:00+00:00,107010.7,55.40922720859757,172.9493413564223,15.142153300372057,18.945696511462465,21.164791084925263,103615.7466387649,93879.81321722611,105407.06673314582,1596.775999999998,bearish,2.557e-05,Mixed,Greed,1.0312,2.2307,-12070.93907874,222388202582.00998,94.0,107241.0
2025-06-28T00:00:00+00:00,107241.0,56.037610853567784,227.47241080634046,14.455746260559057,18.571889229661274,20.747200049380098,103757.9134372447,94012.76034939301,105420.05606826319,1513.3369999999995,bearish,4.434e-05,Mixed,Greed,1.0069,2.2356,17095.45619034,222843224651.57,93.0,108309.8
2025-06-29T00:00:00+00:00,108309.8,58.93021804558159,316.45127366439146,13.503720113370347,20.439382669678942,19.983661276031203,103936.41879264687,94155.01945039409,105280.31022317568,3655.680999999997,bearish,1.084e-05,Mixed,Greed,1.0145,2.2552,609.57023417,223080312333.1,93.0,107087.4
2025-06-30T00:00:00+00:00,107087.4,54.51242603621066,275.421653486168,12.669988659746553,19.28314385185675,20.002655313154236,104059.98668313131,94283.69985387276,105147.73921523047,-2881.326000000001,bearish,4.923e-05,Mixed,Greed,1.0374,2.2245,-23181.91595765,223061441752.12997,93.0,105637.9
2025-07-01T00:00:00+00:00,105637.9,49.749783621552105,139.9353421982887,12.597390319112682,18.0671420837452,22.8335499998479,104121.86563673402,94396.67696975463,105016.17632043676,-3210.472999999998,bearish,1.109e-05,Neutral,Greed,1.011,2.1904,7845.66070979,223087173892.9,93.0,108800.0
2025-07-02T00:00:00+00:00,108800.0,58.30741134425494,246.3304206819564,11.947108390146042,21.533080126978497,20.079372676885395,104305.32188627387,94539.99361682174,105080.13831500382,7260.591000000015,bullish,4.13e-05,Neutral,Greed,1.0216,2.2573,-2417.87730601,223019554073.43997,94.0,109545.2
2025-07-03T00:00:00+00:00,109545.2,60.034759244895625,343.95231389238955,11.689794903622003,22.48538514168926,19.02173256391056,104510.80730249842,94689.29915297277,105306.63930426558,4967.780999999988,bearish,5.028e-05,Mixed,Greed,1.0231,2.2682,-9850.83055261,223215082750.36002,94.0,107935.4
2025-07-04T00:00:00+00:00,107935.4,54.75705778339344,279.88330839542243,10.88049045274761,20.98104172480523,21.13245346538342,104645.10505534161,94821.10115145065,105440.44779483358,-3806.449000000008,bearish,1.797e-05,Mixed,Greed,1.1783,2.2154,-77320.213381,223449647749.48,95.0,108153.4
2025-07-05T00:00:00+00:00,108153.4,55.32976094088657,233.83619845061264,10.12899346264996,20.582930380786568,20.731469111895905,104782.68524924979,94953.76084148597,105475.81752411008,263.1100000000006,bearish,4.005e-05,Mixed,Greed,1.0085,2.2181,11718.73566144,224244995161.75998,95.0,109145.8
2025-07-06T00:00:00+00:00,109145.8,57.93990191356138,250.38616795221515,10.006478170634697,23.1874666181374,19.58839960833778,104953.7877884949,95094.97516147119,105480.90778268156,1825.4489999999932,bearish,2.36e-05,Mixed,Greed,1.0103,2.2363,1425.2731985,224450445421.51,95.0,108203.9
2025-07-07T00:00:00+00:00,108203.9,54.6745241997786,181.29000954790308,9.736778654817055,21.718499510690393,19.170815137104253,105081.24316933824,95225.41222454113,105621.63245448274,-2119.4879999999976,bearish,4.271e-05,Risk-Off,Greed,1.0273,2.2137,-16192.08230403,224658884929.34,95.0,108873.1
2025-07-08T00:00:00+00:00,108873.1,56.54821990127906,164.53809378658582,9.454415905754328,20.587852996900097,18.33658047293594,105229.94343720733,95361.21011285415,105792.07165181088,-259.8709999999992,bearish,3.601e-05,Neutral,Greed,1.0345,2.2242,26497.55617774,224679027304.12006,95.0,111199.9
2025-07-09T00:00:00+00:00,111199.9,62.372588338583924,286.8818422886434,10.455798388201627,26.450559784685346,16.39345420030363,105464.05938084626,95518.80901720386,106121.78296252739,8015.475000000006,bullish,4.253e-05,Risk-On,Greed,1.0446,2.2682,-2705.95495976,224404745993.38,95.0,115979.2
2025-07-10T00:00:00+00:00,115979.2,70.97779940199206,645.8535557242488,12.909918438286843,35.42499136602101,13.50000040791855,105876.41783649934,95722.39499713219,106972.95193723153,12847.293000000005,bullish,1.908e-05,Neutral,Greed,1.0185,2.3546,22377.47158801,224532745326.58,95.0,117500.0
2025-07-11T00:00:00+00:00,117500.0,73.08697253944982,924.8993144976835,15.467204625337104,35.60468098722521,12.279415696454345,106332.24458800917,95939.0875842254,107894.05840765701,1750.0310000000172,bullish,0.0001,Neutral,Extreme Greed,1.0308,2.3821,-21172.14481436,224909599607.86996,94.0,117389.3
2025-07-12T00:00:00+00:00,117389.3,72.67295862857489,1032.9944423916504,17.84182751331235,34.413004695950434,11.868427923205589,106765.85460416568,96152.5225336361,108929.27512296542,-934.4060000000027,bullish,0.0001,Neutral,Greed,1.0257,2.3734,-2131.07906339,225519972735.11993,95.0,119038.3
2025-07-13T00:00:00+00:00,119038.3,74.9493728121718,1138.22004122391,20.34182094844279,36.0068931283421,11.10967877629094,107247.12697262978,96380.2417124059,109950.90048591982,1567.2810000000027,bullish,8.051e-05,Neutral,Greed,1.0172,2.4017,-2330.90335397,226456343369.97998,95.0,119816.5
2025-07-14T00:00:00+00:00,119816.5,75.96684986261454,1177.9643196998795,23.25666031143051,41.04755263874226,9.895868583663157,107740.04356193842,96613.43831228245,111163.52089998712,6113.225999999995,bullish,0.0001,Neutral,Greed,1.0318,2.4125,-22165.9602304,226913368503.29996,95.0,117738.5
2025-07-15T00:00:00+00:00,117738.5,68.02185714085212,989.6218840501847,24.326655529701526,36.8979491260537,16.48581594986149,108132.1398928428,96823.63793106572,112108.68826020513,-7082.445999999996,bullish,0.0001,Neutral,Greed,1.0127,2.3642,-8423.52500263,226975121419.25998,93.0,118590.7
2025-07-16T00:00:00+00:00,118590.7,69.43372040192142,852.9353065232067,25.35820310735545,34.62176022345381,15.276890736735124,108542.27950488818,97040.22561334369,112712.67335901567,181.15200000000186,bullish,0.0001,Neutral,Greed,1.0625,2.3689,-96443.09033939,226757564034.08,89.0,119176.6
2025-07-17T00:00:00+00:00,119176.6,70.40128270838446,736.8523004157996,26.499248329062514,33.744140201352394,14.007169552191415,108959.31168116708,97260.48804505171,113363.27288431393,790.1269999999786,bullish,0.0001,Mixed,Greed,1.0324,2.375,-35249.77295112,226182372859.6,89.0,117896.4
2025-07-18T00:00:00+00:00,117896.4,65.52088595928637,518.9988988222162,27.235837856814328,30.603541583670385,14.134716822181357,109309.78573288601,97465.82050231488,113740.17388659777,-4702.84599999999,bullish,0.0001,Neutral,Greed,1.0185,2.3404,-10224.51269418,227424335268.31998,87.0,117814.4
2025-07-19T00:00:00+00:00,117814.4,65.20906647212155,324.0614415685286,27.919813846869584,29.71521536951806,13.724429684386058,109643.30001787088,97668.29393015255,113982.95459765458,-3477.7509999999966,bullish,0.0001,Neutral,Greed,1.0244,2.3364,2529.15263552,228965601514.95004,87.0,117216.0
2025-07-20T00:00:00+00:00,117216.0,62.85809623488783,120.01215472790773,28.07117646990207,27.921741015836655,15.02193666949616,109940.26864462104,97862.79846816098,114358.44971777197,-3336.0679999999993,bullish,0.0001,Neutral,Greed,1.0099,2.3234,96.64956763,229558014527.63,87.0,117330.2
2025-07-21T00:00:00+00:00,117330.2,63.13128095183187,-33.84871432077307,28.461414077926623,27.80598473742265,13.840157819635616,110230.06987424375,98056.50395603999,114896.65486072586,-2744.3179999999993,bullish,0.0001,Neutral,Greed,1.0174,2.3218,-9002.71365488,230041566705.29,87.0,119993.7
2025-07-22T00:00:00+00:00,119993.7,68.88035780874455,14.580704027042884,28.48622311389614,24.937404668289904,13.782645781254718,110612.95733015577,98274.78451369134,115606.7074476888,2349.935999999987,bullish,0.0001,Neutral,Greed,1.0316,2.3671,-18722.96004263,230014212938.44003,88.0,118713.5
2025-07-23T00:00:00+00:00,118713.5,63.735961558602405,-64.44794780629627,28.509260075867836,23.25040854424128,12.850260462036726,110930.62567014966,98478.15481703769,116071.98164783343,-3761.793000000005,bullish,0.0001,Neutral,Greed,1.0289,2.3344,-13349.70611272,230385360190.91,87.0,118294.3
2025-07-24T00:00:00+00:00,118294.3,62.10041960899951,-164.12813778174723,28.404332848833608,21.91655601451155,12.586762467989116,111219.39721249674,98675.33039099752,116552.31005266501,-2388.0170000000217,bullish,0.0001,Neutral,Greed,1.0186,2.3258,-7797.14614927,230678901123.34,88.0,117583.5
2025-07-25T00:00:00+00:00,117583.5,59.32074126665612,-289.7620610491813,26.946625475880047,20.00447864276881,17.04207689943017,111468.9698708302,98863.47138213187,116685.1874413964,-14073.869999999995,bullish,0.0001,Neutral,Greed,1.0163,2.304,-14519.58006465,230785242748.13998,88.0,117889.2
2025-07-26T00:00:00+00:00,117889.2,60.14695837647408,-359.5462620581575,25.593040058137458,19.42632651531407,16.54954154314312,111720.74360138588,99052.78211464797,116896.01213414429,-302.30799999999726,bullish,0.0001,Neutral,Greed,1.0104,2.3118,6481.46579359,231558828581.58002,88.0,119423.4
2025-07-27T00:00:00+00:00,119423.4,64.0889891236595,-311.4472573546732,24.971114210260527,22.13257767939533,15.73776243728417,112022.80855819427,99255.47482992511,117254.89747853574,2559.7550000000047,bullish,0.0001,Neutral,Greed,1.0107,2.3389,-973.18561791,231024960217.38,88.0,118041.4
2025-07-28T00:00:00+00:00,118041.4,58.47773632141159,-377.3779923204738,24.155947849339075,20.77869593347836,15.816792305824285,112258.83175199057,99442.39945848308,117578.35213841825,-7985.558999999994,bullish,0.0001,Neutral,Greed,1.0166,2.3085,-7219.20254987,231539677318.3,88.0,117897.0
2025-07-29T00:00:00+00:00,117897.0,57.90723965549637,-431.48329939457153,23.128253686219804,19.538449569424994,16.06101240009877,112479.93638916741,99626.02732456783,118004.15028332119,-5157.327000000005,bullish,0.0001,Neutral,Greed,1.0274,2.3014,-12211.0722516,231787516017.43002,87.0,117771.0
2025-07-30T00:00:00+00:00,117771.0,57.381197917735605,-473.182685027502,21.49670664709515,18.019259471533342,17.916269991108294,112687.4290797883,99806.57431636317,118248.15026827129,-3200.2690000000002,bullish,5.694e-05,Neutral,Greed,1.0187,2.2956,14997.51813788,231402117134.6,87.0,115697.3
2025-07-31T00:00:00+00:00,115697.3,49.42360329541173,-628.1395135073626,20.11413283143284,16.4311470519113,17.150009888119712,112805.4632335221,99964.6909898322,118247.08138179564,-5328.1830000000045,bullish,0.0001,Neutral,Greed,1.0107,2.2577,6524.26567537,231375417971.47998,87.0,113244.8
2025-08-01T00:00:00+00:00,113244.8,42.004436489884775,-868.7032940427491,20.076303414822025,15.079287035778211,22.42415688592861,112822.69212632516,100096.83137799309,117937.74904910472,-8448.446999999986,bearish,5.681e-05,Mixed,Greed,1.0051,2.2071,10748.90233413,231679079103.66998,87.0,112508.8
2025-08-02T00:00:00+00:00,112508.8,40.06089054624206,-1038.7901322850757,20.330546731839117,14.287161010134417,23.131273660425194,112810.38263117516,100220.33355333644,117736.29401518079,-8121.0,bearish,5.633e-05,Mixed,Neutral,1.0028,2.1923,19197.26149022,231637198743.09998,87.0,114150.8
2025-08-03T00:00:00+00:00,114150.8,46.057561828197656,-1001.6611379519993,20.12367812237755,15.086997532086885,21.458476637144276,112862.9480181879,100358.94515977091,117405.93483239018,-989.676999999996,bearish,7.504e-05,Mixed,Greed,1.0134,2.2241,-4169.32310433,231953333459.06,87.0,115002.1
2025-08-04T00:00:00+00:00,115002.1,48.91133017152582,-884.7772758661504,19.377414927760334,16.92515856176982,20.551386597035588,112946.83633120015,100504.64819300701,117285.95536931689,-2463.7189999999973,bearish,7.101e-05,Mixed,Greed,1.0081,2.2406,-5837.48108341,232028443351.16998,87.0,114069.6
2025-08-05T00:00:00+00:00,114069.6,46.03818713186361,-835.8532153076187,19.32122231331923,15.82569248092521,23.053639593807546,112990.86627899623,100639.62283785273,117045.89650545575,-6054.012000000002,bearish,4.784e-05,Neutral,Neutral,1.0095,2.2179,222.71740871,231992451436.04,87.0,114941.0
2025-08-06T00:00:00+00:00,114941.0,49.0501137805969,-715.0639595297946,18.916648438571794,16.420490973044153,21.615080501645632,113067.34211119245,100781.9250981726,116807.31145680598,-1579.1359999999986,bearish,8.288e-05,Mixed,Greed,1.0049,2.235,5123.72147874,232173948796.43,87.0,117419.9
2025-08-07T00:00:00+00:00,117419.9,56.49009925014091,-451.3462940381463,17.599977567430447,19.921914339572794,19.73029257433547,113238.03065585157,100947.47708724551,116671.61368511312,6232.578999999998,bearish,6.275e-05,Neutral,Greed,1.0203,2.2781,-8460.2802087,232501174270.68,87.0,116628.2
2025-08-08T00:00:00+00:00,116628.2,53.788596570163335,-319.5617278991292,16.383246626097396,19.030759228544493,18.816639692852156,113370.97847326915,101103.50418090477,116647.49277103021,-2123.6070000000036,bearish,7.973e-05,Mixed,Greed,1.0144,2.2622,-6512.98655959,232432985511.28003,87.0,116422.1
2025-08-09T00:00:00+00:00,116422.1,53.0769876847223,-239.27866743594848,15.41867997020455,19.057843823554744,17.991088922294097,113490.63029784683,101255.92801990073,116626.94719731782,2366.642000000007,bearish,5.151e-05,Mixed,Greed,1.0066,2.257,5196.06577731,232754353987.8,87.0,119255.3
2025-08-10T00:00:00+00:00,119255.3,60.76196106848729,-0.9779335461643086,15.211733891622012,21.33119616590443,16.583706342297365,113716.69577636264,101435.02624855844,116646.99911650443,1348.1250000000146,bearish,0.0001,Mixed,Greed,1.0104,2.3074,-1910.14776378,233624690494.06,87.0,118641.9
2025-08-11T00:00:00+00:00,118641.9,58.52702971201229,103.92136728698392,16.244176424301568,27.085598360979063,14.691911732746393,113909.84104003469,101606.23892270213,116758.98256506908,-142.95799999998417,bearish,0.0001,Neutral,Greed,1.0145,2.2964,-2116.38275431,233779979785.58,87.0,120081.0
2025-08-12T00:00:00+00:00,120081.0,62.053468702303114,250.4571367764985,17.202873061789724,25.574851835410122,13.87244471162315,114151.84727375883,101790.06739113296,116790.65852144404,-141.48499999998603,bearish,7.123e-05,Mixed,Greed,1.0133,2.3207,9550.83984347,233736591149.9,87.0,123323.9
2025-08-13T00:00:00+00:00,123323.9,68.54426944336052,529.951650529189,19.091455212518376,31.050127166803254,12.182222697659583,114511.53561596437,102004.33438226597,117094.60434183988,-1470.7250000000058,bullish,0.0001,Mixed,Greed,1.0179,2.3797,9071.57369142,234133392381.75,87.0,118242.2
2025-08-14T00:00:00+00:00,118242.2,53.19035181733812,345.66617386710595,19.80060268145093,25.8215073222275,14.205780590086894,114657.83618004419,102165.90518443247,117407.61155791157,-16724.915999999997,bullish,1.939e-05,Mixed,Greed,1.0201,2.2824,19350.60278419,234433813233.90997,86.0,117279.2
2025-08-15T00:00:00+00:00,117279.2,50.865100449499174,142.4109021629872,20.313236912700066,24.38619284705109,14.024070891867582,114760.63476121893,102316.28622737345,117414.80662638004,-1979.6570000000065,bullish,3.722e-05,Mixed,Greed,1.0095,2.2577,27034.12677285,235662288502.48,86.0,117329.7
2025-08-16T00:00:00+00:00,117329.7,50.98610620440828,2.2753266650737487,20.789254413145695,23.93694857200247,13.76571840525509,114861.38241764173,102465.67342909113,117368.05996698333,-1946.6460000000006,bullish,8.206e-05,Mixed,Greed,1.0733,2.2533,-25330.71994214,237006464305.12997,85.0,117353.8
2025-08-17T00:00:00+00:00,117353.8,51.04806403071565,-92.64187990636174,21.470452376072988,24.827008696386986,13.272839014085761,114959.12428361656,102613.81399198575,117330.28419880336,-2249.2739999999976,bullish,2.846e-05,Mixed,Greed,1.0061,2.2553,-1470.2154247,238355214601.44,85.0,116183.6
2025-08-18T00:00:00+00:00,116183.6,47.8829757057059,-230.2476583619432,20.700977316511075,23.03707497414984,18.58448327399008,115007.14293916101,102748.83673833415,117227.16734962785,-9041.807,bullish,7.137e-05,Mixed,Greed,1.0025,2.2297,-3066.34675948,238904332243.29,85.0,112824.2
2025-08-19T00:00:00+00:00,112824.2,40.18082942739554,-526.5811330119385,19.336318658483407,20.794103442678935,21.468511703638622,114921.53733370373,102849.08910909701,117043.40210782562,-5028.739000000001,bullish,4.543e-05,Risk-Off,Fear,1.0141,2.1624,-19726.86504372,239183725102.33,85.0,114220.5
2025-08-20T00:00:00+00:00,114220.5,44.1985335117172,-602.1699134249058,18.223858243948555,19.633399216441834,21.168307547572137,114894.04567355849,102962.23747617067,116892.50394597463,-762.7839999999997,bullish,4.936e-05,Neutral,Neutral,1.0073,2.1876,-7311.16001734,239339294951.30997,85.0,112462.2
2025-08-21T00:00:00+00:00,112462.2,40.50887118144164,-735.3844424917589,17.347057208547387,18.261685005204914,20.57174756399545,114798.67917655621,103056.76446645753,117006.93573618121,-2396.6300000000047,bullish,7.414e-05,Neutral,Neutral,1.0061,2.1501,-9986.14764814,239455584105.16,85.0,116897.5
2025-08-22T00:00:00+00:00,116897.5,51.5060447076736,-500.79717615984566,16.83319918355787,21.86896913016714,17.83754857566833,114880.98587551479,103194.48322798533,117043.12542534253,-162.18500000002678,bearish,5.867e-05,Mixed,Greed,1.0201,2.231,-23879.1010521,238941257962.65,85.0,115377.1
2025-08-23T00:00:00+00:00,115377.1,48.2157319864501,-426.9137644485921,16.35604530321046,20.602825425851286,16.8048112895584,114900.44133137696,103315.70329536857,117085.58276897245,-2691.4409999999916,bearish,9.711e-05,Mixed,Neutral,1.0201,2.2013,-281.92578756,238579004238.88998,85.0,113446.3
2025-08-24T00:00:00+00:00,113446.3,44.341763775501846,-482.84725239679926,16.13918809080528,18.23689545010288,23.841795774510814,114843.41618112689,103416.50525262859,116954.783942956,-8008.280000000013,bearish,0.0001,Mixed,Neutral,1.0051,2.1673,-1552.26670979,238896105647.32,85.0,110064.0
2025-08-25T00:00:00+00:00,110064.0,38.50532889371172,-708.7461646894967,16.35399145338767,16.495443189710773,24.307811988395667,114655.9880955925,103482.6494789706,116632.20673675215,-10385.137000000017,bearish,4.522e-05,Mixed,Neutral,1.0031,2.1016,-6802.03463957,239134098678.21002,84.0,111709.9
2025-08-26T00:00:00+00:00,111709.9,42.47339952212938,-706.8307648393336,16.763789945415045,15.160016012591468,23.75730845267265,114540.45522909868,103564.51266823459,116397.07107364592,-2217.0679999999993,bearish,0.0001,Mixed,Neutral,1.0035,2.1349,-8366.96548446,239178618274.88,84.0,111194.9
2025-08-27T00:00:00+00:00,111194.9,41.56953051038348,-698.5187555132163,17.022458764666784,14.930688558245505,22.576608632344538,114409.2569848203,103640.43692029196,116183.6111887678,-185.75,bearish,5.297e-05,Mixed,Neutral,1.0036,2.1218,17816.745744,240043582981.83,84.0,112507.3
2025-08-28T00:00:00+00:00,112507.3,44.79372053587849,-568.4207401542707,16.819828717488008,15.977205689644725,21.25946504162125,114334.67043639597,103728.6644136224,116025.00400597934,-1143.323000000004,bearish,4.261e-05,Mixed,Neutral,1.0068,2.1428,-30306.32527836,240951293338.41998,85.0,108332.4
2025-08-29T00:00:00+00:00,108332.4,37.67228211869847,-717.7006893630291,17.733308745293005,14.212358099850519,26.168562933885347,114099.28728202751,103774.47272791473,115580.46746280798,-8512.895999999979,bearish,7.523e-05,Risk-Off,Fear,1.0166,2.1428,-99504.45919312,241355404260.98004,87.0,108757.9
2025-08-30T00:00:00+00:00,108757.9,38.74123120695309,-739.0412670274945,18.618592945435363,13.708543687146754,25.530075241305333,113889.82111410487,103824.05906893051,115289.20171783678,-1492.0449999999983,bearish,8.042e-05,Risk-Off,Neutral,1.0484,2.0585,6543.44643267,242843290211.02,86.0,108208.4
2025-08-31T00:00:00+00:00,108208.4,37.838694740839465,-739.6110145427037,19.134140094580925,14.553449890312573,24.6933532596986,113667.02028610076,103867.68435182674,114736.79606001248,1550.2939999999944,bearish,4.66e-05,Risk-Off,Fear,1.0044,2.063,14992.07664195,243747960808.71,86.0,109187.9
2025-09-01T00:00:00+00:00,109187.9,40.499619001559985,-627.8692099247439,19.871391120689957,13.649198437301397,25.047591029921918,113491.36851017523,103920.6218209628,114164.89560808067,-1166.4499999999825,bearish,6.946e-05,Risk-Off,Neutral,1.003,2.0547,431.24907622,,86.0,111188.0
2025-09-02T00:00:00+00:00,111188.0,45.618720736062215,-385.0270416820672,19.55615756467979,16.89365094715969,23.07151475352364,113401.04033330562,103992.93404164974,113349.90530496568,-2463.679999999993,bearish,6.356e-05,Risk-Off,Greed,1.0064,2.0665,-1887.20926246,244267970017.57996,88.0,111659.8
2025-09-03T00:00:00+00:00,111659.8,46.7818413895956,-169.39887419406682,18.871988136962468,17.965388694452173,21.947845632273648,113332.75639866618,104069.22126511592,112575.75380585612,-1778.849000000002,bearish,2.344e-05,Neutral,Neutral,1.0069,2.1061,1585.17393559,244340761787.56,87.0,110679.4
2025-09-04T00:00:00+00:00,110679.4,44.6449721207113,-74.42141710049191,18.701401191883342,16.739741124306637,23.347655794528002,113228.70320656164,104134.99418785109,112228.660819632,2499.0570000000007,bearish,7.941e-05,Neutral,Neutral,1.0061,2.1174,5758.79354217,245041681014.78,87.0,110614.9
2025-09-05T00:00:00+00:00,110614.9,44.50095601020045,-1.4241433790466544,17.94690934204135,18.334454796907327,21.58315562623196,113126.2011200298,104199.47086259884,112071.59699107526,-2335.1659999999974,bearish,1.297e-05,Neutral,Neutral,1.0105,2.0988,-20419.27874618,245596541298.97,87.0,110135.3
2025-09-06T00:00:00+00:00,110135.3,43.38039334077138,27.482273181025903,17.371052046358724,17.699638889695628,21.582657427672476,113008.91088002865,104258.53383909039,111924.38524929198,-3211.0260000000053,bearish,1.97e-05,Neutral,Fear,1.0257,2.091,5742.93065678,245657884596.11005,86.0,111076.0
2025-09-07T00:00:00+00:00,111076.0,46.23985259865804,117.81566279308072,16.678856193495353,17.823778421775156,20.789389456697048,112933.11045336086,104326.36932327854,111656.96141264103,2376.683999999994,bearish,6.969e-05,Neutral,Neutral,1.0053,2.0816,-2382.17616911,245762591353.87,86.0,112012.6
2025-09-08T00:00:00+00:00,112012.6,49.00146339637029,241.38468537477934,15.594546228494483,20.14673119565743,19.5518414612884,112897.01200420945,104402.8492305096,111525.46645000731,108.77900000000955,bearish,3.799e-05,Neutral,Neutral,1.0066,2.1008,-1712.29504041,246070293514.35,87.0,111499.9
2025-09-09T00:00:00+00:00,111499.9,47.56117827631292,286.2663617727676,14.76593950296271,19.787725407264915,18.26776913918427,112842.22329816203,104473.46665110155,111426.70059189231,-1258.0810000000056,bearish,5.805e-05,Neutral,Neutral,1.0089,2.1145,5752.83066449,246034032196.72,86.0,113896.8
2025-09-10T00:00:00+00:00,113896.8,54.32089221589722,464.5069780694446,14.488786819718216,20.735834452375805,16.664507322770426,112883.57924725373,104567.23116203587,111459.83382563155,607.1010000000242,bearish,5.843e-05,Neutral,Neutral,1.0051,2.1019,-4357.54647784,245936231376.19,86.0,115427.0
2025-09-11T00:00:00+00:00,115427.0,58.03964660579608,660.6212520738,14.728786499943281,22.599892811378847,15.754161192550939,112983.32123755751,104675.28856340866,111296.6902883669,49.01600000000326,bearish,3.326e-05,Mixed,Greed,1.0105,2.1459,-1962.36936627,246245274998.43002,87.0,115978.4
2025-09-12T00:00:00+00:00,115978.4,59.32467912559077,793.6873353441209,15.412770566357255,24.54670290360185,14.947748830628266,113100.7753066729,104787.75733392201,111373.98698240172,1685.0120000000024,bearish,6.891e-05,Mixed,Neutral,1.0153,2.1718,956.28378122,246119418939.81998,86.0,115862.7
2025-09-13T00:00:00+00:00,115862.7,58.91695486498938,835.8787526260264,16.047898628027376,23.72208416762545,14.445596105889141,113209.08607896024,104897.95576841036,111368.00969038846,-2013.3059999999969,bearish,3.137e-05,Mixed,Greed,1.0115,2.1835,3058.66255918,246493969931.85004,86.0,115210.0
2025-09-14T00:00:00+00:00,115210.0,56.55554546101789,782.724723761097,16.637660399578202,22.99426877237013,14.002391909950282,113287.55329155005,105000.56317369982,111505.05498491036,-1822.1140000000014,bearish,3.115e-05,Mixed,Neutral,1.011,2.1787,-1085.07054412,247292993131.83002,85.0,115300.6
2025-09-15T00:00:00+00:00,115300.6,56.81428948847212,718.2481199668108,16.679206594589484,21.3827952147507,15.100606262933555,113366.49629972456,105103.05110231973,111757.64438356507,-3253.0709999999963,bearish,8.189e-05,Mixed,Neutral,1.0065,2.1674,-8232.2323117,248002820098.09,85.0,116747.3
2025-09-16T00:00:00+00:00,116747.3,60.82632918686476,734.960816826031,16.793043361928717,20.384908395596018,14.086056158418932,113499.07683699027,105218.91427543099,111974.00595687998,779.448000000004,bearish,6.472e-05,Mixed,Neutral,1.0119,2.1657,-8201.06002352,248209835200.57,86.0,116402.5
2025-09-17T00:00:00+00:00,116402.5,59.40970068344892,685.6808181528002,17.0814081281524,19.855147684458686,13.00941082155003,113612.936568873,105330.19373537695,112250.43323021925,2325.122000000003,bearish,6.303e-05,Neutral,Neutral,1.0148,2.1889,-18279.35348753,248256260232.45,86.0,117017.1
2025-09-18T00:00:00+00:00,117017.1,61.14671000700014,657.285076755702,17.657618135815564,20.571238214651817,12.30372738369863,113746.43317401526,105446.48135990056,112712.33068779223,-4434.654999999999,bearish,-2.31e-06,Mixed,Neutral,1.0206,2.1818,-9510.29885476,249223863112.32,85.0,115569.5
2025-09-19T00:00:00+00:00,115569.5,55.1592957112242,510.36486293992994,17.417863360441867,19.140339526706672,14.350760182816325,113817.92599072054,105547.20791353339,112964.00598042386,-4339.955000000002,bearish,3.757e-05,Mixed,Neutral,1.0105,2.1884,-10909.24218691,249354209438.00995,85.0,115624.9
2025-09-20T00:00:00+00:00,115624.9,55.339529157161856,391.6123303542419,17.195233926166292,18.71434796538227,14.031366541552018,113888.78771657465,105647.48345668231,113146.18807459976,-2793.4799999999996,bearish,-5.322e-05,Mixed,Neutral,1.0227,2.1585,-8217.20823808,250304287405.83002,85.0,115183.9
2025-09-21T00:00:00+00:00,115183.9,53.49621431845977,264.1683066172883,16.82064642017222,18.3216863111825,14.409928170290687,113939.57643357172,105742.37317353125,113501.43819035732,698.461000000003,bearish,3.742e-05,Mixed,Fear,1.0073,2.1601,-1446.10048328,250474517770.18,85.0,112604.7
2025-09-22T00:00:00+00:00,112604.7,44.219238354670814,0.9004291429912428,17.031599486395205,16.117754189269828,24.063114978069688,113887.22833813755,105810.65503250109,113738.29629818871,-11097.253999999986,bearish,7.062e-05,Mixed,Fear,1.0078,2.1512,-2025.3765492,250345146087.26,85.0,111947.0
2025-09-23T00:00:00+00:00,111947.0,42.20913963813557,-211.07468257633502,17.25788051697879,15.179216796455078,22.863710873175748,113811.14095232823,105871.71319138168,113773.79637407616,1663.3340000000026,bearish,7.478e-05,Risk-Off,Fear,0.998,2.1031,-10257.99174684,250879284019.44003,83.0,113254.0
2025-09-24T00:00:00+00:00,113254.0,47.332783379755455,-253.92475079768388,17.004056742930924,15.769451104559973,20.77804736301145,113789.29228753105,105945.1687815172,113903.65717174711,1512.2739999999903,bearish,-2.2e-06,Neutral,Fear,1.0141,2.0884,1816.97877413,251054763765.65,84.0,108934.5
2025-09-25T00:00:00+00:00,108934.5,35.97957979550583,-547.0155864678561,17.856329536594323,13.568823635844343,24.618725423394483,113598.90827625532,105974.91337075585,113829.09967417901,-10291.260999999999,bearish,3.143e-05,Risk-Off,Fear,1.0142,2.1098,-697.68348726,251630759372.66,83.0,109588.5
2025-09-26T00:00:00+00:00,109588.5,38.38916575934942,-662.9442711215959,18.651033857613466,12.900872622196099,23.430500107552813,113441.63736346099,106010.86945661898,113669.36986417831,34.138999999995576,bullish,-1e-07,Mixed,Fear,1.0096,2.0312,-9156.74734992,252109684954.52994,83.0,109577.3
2025-09-27T00:00:00+00:00,109577.3,38.362536678347055,-702.6945043846265,19.388973584274094,12.631232518196326,22.940781103979564,113290.09472175664,106046.3563276974,113667.49173797802,-56.86200000000099,bullish,3.314e-05,Mixed,Fear,1.0043,2.0393,12565.07957354,252547425494.08,84.0,112119.6
2025-09-28T00:00:00+00:00,112119.6,47.29889692299641,-528.0537997516267,18.275391834131394,19.241127276580187,20.76072944309782,113244.19296796227,106106.78661299395,113663.47386712527,2393.925000000003,bullish,2.312e-05,Mixed,Neutral,1.0034,2.0384,3313.28855658,252076531723.59998,84.0,114257.1
2025-09-29T00:00:00+00:00,114257.1,53.414392835125355,-252.82181189448235,17.765013066713927,23.75097044666156,18.993475528478903,113283.91481235591,106187.88425863581,113771.00165446603,679.4029999999912,bullish,3.2e-07,Neutral,Neutral,1.0067,2.0844,-3858.19410163,252966746092.41,85.0,113988.8
2025-09-30T00:00:00+00:00,113988.8,52.58947621684151,-81.92557565482855,17.485099653139542,23.464648977307505,17.75700579479056,113311.55736873411,106265.50531078869,113830.59883669941,1337.5190000000002,bullish,3.355e-05,Neutral,Neutral,1.0117,2.1227,-4944.82757447,252899198420.87,84.0,118552.4
2025-10-01T00:00:00+00:00,118552.4,63.0440758504634,323.16366445339054,18.63908903390584,31.046176939755775,15.415894320876713,113517.08060917592,106387.76296938781,114050.3333767856,9789.870999999985,bullish,7.784e-05,Neutral,Greed,1.0177,2.1128,-35472.56819732,252651279449.99005,84.0,120481.3
2025-10-02T00:00:00+00:00,120481.3,66.41511180323872,684.9281407483188,20.339125267692207,35.218686910611005,14.232010541135775,113790.18725195334,106527.99716869739,114362.3320093901,6282.665999999997,bullish,9.543e-05,Neutral,Greed,1.0393,2.1862,-28073.53072345,252920861560.24997,83.0,122182.7
2025-10-03T00:00:00+00:00,122182.7,69.09314258551063,984.4935944923877,22.530045146252405,38.47764913708992,12.482073571154407,114119.30539893557,106683.76535607355,114896.29415562864,4804.236000000004,bullish,0.0001,Neutral,Greed,1.0196,2.2218,-11393.19632755,253728170492.65,84.0,122343.2
2025-10-04T00:00:00+00:00,122343.2,69.34149927510079,1128.789691582097,24.56447074777259,37.06870263315158,12.025014101192482,114441.81106956555,106839.58062616238,115114.79043555586,-1528.7320000000036,bullish,8.648e-05,Neutral,Greed,1.0209,2.2492,6834.62849934,254852012097.34,83.0,123426.7
2025-10-05T00:00:00+00:00,123426.7,71.03370266397994,1224.5326878066353,26.998224948349794,41.52016778741076,10.825955817724186,114794.15965507278,107004.62659008117,115722.82888585932,4826.168000000005,bullish,9.566e-05,Neutral,Greed,1.0148,2.2476,7651.54495107,256442990601.37003,84.0,124628.5
2025-10-06T00:00:00+00:00,124628.5,72.82535404805947,1289.5832069055016,29.310182658642564,38.93860691103136,9.928399361657245,115179.8200607562,107179.98851455798,116250.74700064099,-1534.5449999999837,bullish,0.0001,Mixed,Greed,1.012,2.2668,-7954.42335087,256362555106.12997,84.0,121286.5
2025-10-07T00:00:00+00:00,121286.5,61.443889415987094,1039.0722984129316,30.029942733180626,34.51250786191821,15.007966089996044,115419.29770543243,107320.35181292058,116735.95980953203,-9385.849000000017,bullish,2.542e-05,Neutral,Greed,1.0175,2.2872,-38803.39116381,257039790599.06003,84.0,123237.5
2025-10-08T00:00:00+00:00,123237.5,64.8932723172527,939.3244349557499,30.69829137382311,31.821552127035073,13.837788235045986,115725.89387384686,107478.73139687162,117054.92665139174,5173.119999999995,bullish,5.396e-05,Neutral,Greed,1.0426,2.2194,-3715.50480432,257336061938.84,84.0,121579.3
2025-10-09T00:00:00+00:00,121579.3,59.981587716964036,706.8292525453726,30.553940340184997,28.65389430771949,15.882130590183205,115955.43921212737,107619.03556207687,117403.35557620075,-10982.784000000014,bullish,1.455e-05,Neutral,Greed,1.0181,2.2486,-18191.78416906,257771832752.59998,84.0,112714.9
2025-10-10T00:00:00+00:00,112714.9,41.7774578808875,-58.17545184615301,31.01537208691401,18.6098964639556,40.482257256854545,115828.35924302434,107669.74068086217,116694.00585284615,-28533.95199999999,bearish,0.0001,Mixed,Fear,1.0233,2.2126,-4578.51709793,258391501315.54,83.0,110579.1
2025-10-11T00:00:00+00:00,110579.1,38.727672459845735,-687.3078710911798,31.44384442316238,17.41920084041096,37.89212750302681,115622.50593937634,107698.68952980882,116395.18302732828,-16101.291999999987,bearish,4.67e-06,Mixed,Extreme Fear,1.0039,2.0706,-7226.4833715,259081972999.34003,83.0,114894.4
2025-10-12T00:00:00+00:00,114894.4,47.12619569020663,-785.0373685606642,31.11939500788491,19.61380033351449,34.05026787487244,115593.95276528316,107770.28863896495,116348.468660394,-851.6290000000154,bearish,-0.00010915,Mixed,Fear,0.9982,2.0195,642.98706398,258706027599.52002,83.0,115111.9
2025-10-13T00:00:00+00:00,115111.9,47.51667037290107,-804.2934317312579,30.764571232216895,19.155561463872,32.72269036801597,115575.04873527205,107843.33949827873,116392.69411770315,-4608.2850000000035,bearish,-4.041e-05,Neutral,Fear,1.0036,2.0951,-1146.29245753,259785781110.47,83.0,112983.8
2025-10-14T00:00:00+00:00,112983.8,44.08606244733189,-921.2119967438023,31.054301949384403,17.39890725250521,35.98900665930211,115473.4311378104,107894.48835899238,116217.00861782503,-8947.350000000006,bearish,-4.498e-05,Neutral,Fear,1.0029,2.0975,-57574.62007479,260340480784.58,84.0,110699.0
2025-10-15T00:00:00+00:00,110699.0,40.68943736568299,-1101.115060934702,31.32333761532566,16.385946023120614,33.89373320902908,115286.19854417078,107922.39394746012,116351.61012635329,-2224.0239999999903,bearish,-2.741e-05,Neutral,Fear,1.0119,2.0568,-48714.9059505,260368893905.36,85.0,108129.4
2025-10-16T00:00:00+00:00,108129.4,37.21659585484202,-1326.730379796185,31.990435144452483,15.129078403241833,35.864408573867664,115005.53977773272,107924.45370917695,116159.98463205792,-6262.972999999998,bearish,-3.004e-05,Mixed,Extreme Fear,1.0422,2.0059,-686.37747615,261658193213.1,86.0,106378.6
2025-10-17T00:00:00+00:00,106378.6,35.0232105378947,-1513.8923364258997,33.11840603636296,13.720411309094452,38.83012133966885,114667.22841390005,107909.07208022992,115539.71636926985,-4390.04800000001,bullish,-4.819e-05,Neutral,Extreme Fear,0.9956,1.9579,-15486.68488508,261431782928.43,86.0,107117.5
2025-10-18T00:00:00+00:00,107117.5,36.7182909189498,-1504.8038270666532,34.165807578851265,13.442215963449774,38.04280099014305,114371.1606329628,107901.19574112316,115466.4106695044,-3889.4270000000033,bullish,-3.681e-05,Neutral,Fear,1.0042,1.9293,1548.33179149,262104010180.53998,87.0,108586.2
2025-10-19T00:00:00+00:00,108586.2,40.06519493295093,-1323.1818789409897,34.4493335570155,16.046909315353343,35.83041628496453,114144.29943167014,107908.01170389805,115296.222532543,1158.2780000000057,bullish,2.787e-05,Neutral,Fear,1.0042,1.9382,378.51109906,262375570113.19003,,110469.9
2025-10-20T00:00:00+00:00,110469.9,44.145446744973285,-1013.4401069228783,33.97133861801529,18.75973735516822,33.175653953025424,114000.20533631052,107933.50312972993,115126.79571250215,-2665.5190000000002,bullish,-1.8e-07,Neutral,Fear,1.0013,2.0514,1341.87933816,262937499785.11,86.0,108253.7
2025-10-21T00:00:00+00:00,108253.7,40.639999324459545,-898.9686917801282,32.833242744015955,20.528958403048925,29.564883857651175,113774.85218586697,107936.68916824007,114672.74705168468,-4488.148000000016,bullish,-2.506e-05,Neutral,Extreme Fear,1.0047,2.0538,90.19366591,262671697370.74997,86.0,107532.0
2025-10-22T00:00:00+00:00,107532.0,39.53892943726412,-815.4653039815005,31.9863982647014,19.54810642615964,29.92662961630927,113530.03445308788,107932.66241034714,114103.05066043873,4748.688999999984,bullish,8.911e-05,Risk-Off,Fear,1.0093,2.0186,-10368.44292294,263046679053.15,87.0,110025.9
2025-10-23T00:00:00+00:00,110025.9,45.07658268205882,-548.6787711914499,30.580255140419798,21.853798173331178,27.984050138314494,113392.6174157119,107953.49064507007,113570.50585644302,-2084.2030000000086,bullish,3.391e-05,Mixed,Fear,1.0226,2.0076,-1085.23881017,263502602604.06,87.0,110965.4
2025-10-24T00:00:00+00:00,110965.4,47.04431032197712,-278.9469315304061,29.03022045656025,22.409228247509887,26.77683754901209,113297.4324190173,107983.4598923828,113316.61940450995,-1164.9500000000116,bullish,5.02e-05,Mixed,Fear,1.0104,2.0361,10250.91823849,263884665153.27,87.0,111589.4
2025-10-25T00:00:00+00:00,111589.4,48.3674434788059,-41.00751578079439,27.59090253583353,21.86570052842457,26.127375047377306,113230.45075552644,108019.33989345362,112795.47534822868,-1047.4190000000017,bullish,5.57e-05,Mixed,Fear,1.0074,2.0608,23212.73205107,263900337544.92,87.0,114497.8
2025-10-26T00:00:00+00:00,114497.8,54.12126738109412,310.41038288142954,26.006527315060385,26.7951717575817,24.044901990240223,113280.15072589795,108083.802183071,112334.46046674381,2961.5910000000003,bullish,0.0001,Mixed,Neutral,1.0071,2.0697,-2223.57812638,264079808684.58,87.0,114064.1
2025-10-27T00:00:00+00:00,114064.1,53.16974828036877,500.5399869541202,24.754571858715746,27.10704588398498,22.869462325260596,113310.89383468629,108143.30763398572,111876.36722402935,-2703.5419999999867,bearish,6.059e-05,Mixed,Neutral,1.0139,2.1218,-10758.81840046,264044411500.04,87.0,112833.5
2025-10-28T00:00:00+00:00,112833.5,50.45893381575219,527.6131764564361,23.09854950446345,25.0894324090992,24.31367570742615,113292.17250783584,108189.97621474208,111530.83536956777,-1762.6399999999994,bearish,2.992e-05,Mixed,Neutral,1.0156,2.094,-27151.44288527,264199211002.78998,87.0,109985.6
2025-10-29T00:00:00+00:00,109985.6,44.770186985505674,346.6516980570873,22.154261953406895,22.96302397568197,27.997135447561718,113162.50299772464,108207.84311807799,111003.17519255038,-6487.396000000008,bearish,5.003e-05,Mixed,Fear,1.0266,2.0901,-14357.71488895,264191565674.54,87.0,108263.5
2025-10-30T00:00:00+00:00,108263.5,41.70810174864257,115.84025642620304,21.919806131221158,20.739121502920177,30.38771741832359,112970.385233108,108208.3969178981,110697.02596950758,-5580.301999999996,bearish,2.13e-06,Risk-Off,Fear,1.0196,2.0232,-39895.54544944,264304270214.88995,87.0,109557.3
2025-10-31T00:00:00+00:00,109557.3,44.76470125147352,58.08700969542542,21.70209715347726,19.593970561046852,28.709800481578036,112836.53875337828,108221.81883911305,110624.98791614246,4149.809999999998,bearish,0.0001,Mixed,Fear,1.0171,1.9879,-7704.74299384,264681801157.03003,87.0,110047.2
2025-11-01T00:00:00+00:00,110047.2,45.92103626722746,60.39539547207073,21.499938817000782,19.137654018899767,28.041188836956554,112727.15291991246,108239.9818357388,110413.52382376367,652.2170000000042,bearish,9.782e-05,Mixed,Fear,1.0054,1.9989,8040.6951944,264107101921.08,87.0,110494.9
2025-11-02T00:00:00+00:00,110494.9,47.0127350130347,97.397480784246,21.072442184657486,19.749733531303203,27.00348952653548,112639.61358971983,108262.41883239812,110103.19275951902,-2453.991000000002,bearish,6.098e-05,Mixed,Fear,1.0115,2.0045,582.14022023,264124284372.83997,87.0,106544.0
2025-11-03T00:00:00+00:00,106544.0,39.445085958752344,-126.72517024704712,21.629490680767926,17.685051220236037,32.04173064739066,112400.56991953474,108245.32013754839,109692.13260827915,-3936.984999999986,bearish,5.329e-05,Neutral,Extreme Fear,1.0033,2.0156,-15404.94545726,263961662097.10004,87.0,101450.3
2025-11-04T00:00:00+00:00,101450.3,32.239683481353936,-575.4088613934184,23.221381086011178,15.058501896209494,38.64127050716661,111971.14756974907,108177.70799687627,108914.94771033037,-10251.563999999955,bearish,7.132e-05,Risk-Off,Extreme Fear,1.0056,1.9391,-21992.21627372,263996557106.50998,88.0,103837.0
2025-11-05T00:00:00+00:00,103837.0,37.95838687970084,-662.6291958990653,24.699565033737056,13.607746752228941,34.918521568088735,111652.16139054323,108134.51687252925,108518.99545489055,2768.4499999999825,bearish,2.816e-05,Neutral,Fear,0.9952,1.8428,102945.33081668,263867269068.91998,86.0,101305.6
2025-11-06T00:00:00+00:00,101305.6,34.620980191821744,-831.0704535597374,26.072164413768228,12.6731578398034,32.520294757284645,111246.41388503172,108066.56745091204,108363.52560893861,955.3530000000028,bearish,4.494e-05,Mixed,Extreme Fear,0.9979,1.8888,-18303.07123572,263341404177.87997,87.0,103305.2
2025-11-07T00:00:00+00:00,103305.2,39.17066673107882,-750.5374308509208,27.51109613780816,11.619253203769166,31.58881722389503,110934.99373267754,108019.1906603557,108044.2084402611,-2644.866000000009,bearish,8.631e-05,Neutral,Extreme Fear,0.9999,1.8416,-68152.57263754,263389685116.77002,87.0,102269.3
2025-11-08T00:00:00+00:00,102269.3,37.70673317100199,-710.1817186602511,28.84724702441667,11.21235320843109,30.482593841400135,110595.16260590588,107961.97781796411,107902.74085389361,-4638.152999999991,bearish,3.74e-05,Neutral,Extreme Fear,1.0322,1.8736,-6933.45688457,263549739387.13998,88.0,104670.6
2025-11-09T00:00:00+00:00,104670.6,43.022624733790195,-476.15115759030004,29.18455576266621,14.049053498313693,28.24798827288718,110362.82681743898,107929.22778992468,107669.19242104988,3859.0179999999964,bearish,8.87e-05,Neutral,Fear,1.006,1.8555,6322.15110382,263877686827.46,88.0,105966.3
2025-11-10T00:00:00+00:00,105966.3,45.714539199131885,-202.46878638978887,28.998049099076887,15.652641571462379,26.98219345826269,110190.41400106883,107909.69617012444,107376.47033193741,-3315.148000000001,bearish,4.979e-05,Neutral,Fear,1.0037,1.8943,-21275.58589564,263823920076.37,88.0,103005.8
2025-11-11T00:00:00+00:00,103005.8,40.9535650761426,-189.4395843410075,29.227208965867117,14.235820526802016,27.76164486049275,109908.66443239947,107860.90118335704,107198.22561041765,-3707.851999999999,bearish,2.462e-05,Neutral,Extreme Fear,1.0108,1.9237,-20273.7492311,263886972596.55,88.0,101605.8
2025-11-12T00:00:00+00:00,101605.8,38.89086208513569,-240.4465158067569,29.787321931709123,13.083080627111734,28.495909284230457,109583.06190563871,107798.66137058732,106829.58667923881,-1797.5360000000219,bearish,5.786e-05,Neutral,Extreme Fear,1.0041,1.8623,-9743.92286408,264320375028.23,89.0,99654.3
2025-11-13T00:00:00+00:00,99654.3,36.157082078743315,-363.56360288956967,30.809918818311985,11.730146483583335,30.240939040809167,109193.69869365287,107717.62294898945,106124.35429561733,-454.9070000000065,bearish,8.569e-05,Mixed,Extreme Fear,1.0048,1.8349,-8072.733146,264211207202.15002,89.0,94544.9
2025-11-14T00:00:00+00:00,94544.9,30.176184669100948,-726.1251029385035,32.354561669231984,10.582300950952657,33.91379016743786,108619.23599978413,107586.55107885024,105082.59789526081,-15562.737000000023,bearish,9.078e-05,Neutral,Extreme Fear,0.9964,1.8165,-22447.22781031,264688481497.46997,89.0,95560.3
2025-11-15T00:00:00+00:00,95560.3,32.56355389648084,-827.2342359484182,33.78887288794341,10.169418548913393,32.59059900027239,108107.12086253769,107466.88688901094,104513.05641882913,4186.175000000003,bearish,5.923e-05,Neutral,Extreme Fear,0.9893,1.708,9162.74021675,264146356375.99997,88.0,94221.7
2025-11-16T00:00:00+00:00,94221.7,31.056042933680146,-907.51112911579,35.340394267117524,9.52297653496513,33.28670381264228,107562.5945542029,107335.09398464268,103657.47913851273,-5448.5489999999845,bearish,7.06e-05,Neutral,Extreme Fear,1.0011,1.7292,-2688.84231776,263560952235.02005,88.0,92169.7
2025-11-17T00:00:00+00:00,92169.7,28.851076776130327,-1013.9816504799483,36.99658864672706,8.747460954143039,33.436539878328006,106958.95163050867,107184.19454200943,102526.49613546772,-9106.043000000005,bearish,7.208e-05,Risk-Off,Extreme Fear,0.9969,1.707,-33754.91858713,263507090698.73,88.0,92916.9
2025-11-18T00:00:00+00:00,92916.9,30.77834421174937,-950.3389960315972,38.79815214108727,8.038769880703207,34.51520551889918,106408.28293911618,107042.2314122382,101303.13483432535,-5118.191999999981,bearish,7.496e-05,Neutral,Extreme Fear,0.9947,1.6685,-67667.26668,263334546890.59998,88.0,91508.9
2025-11-19T00:00:00+00:00,91508.9,29.17462122978148,-918.7827659885743,40.52179486230057,7.444433191623583,32.71883924174451,105823.99341209201,106887.67090067363,100084.37514372791,-3248.714000000007,bearish,4.259e-05,Mixed,Extreme Fear,1.0041,1.6791,-19069.72210639,263496327602.24,90.0,86601.3
2025-11-20T00:00:00+00:00,86601.3,24.40196561458022,-1130.234119390493,42.391247685722895,6.595275122172926,33.00901079817216,105070.16229789233,106685.81646385102,98673.21019504953,-9652.880999999994,bearish,8.999e-05,Risk-Off,Extreme Fear,0.9899,1.6569,-19930.84338642,263244453594.4,90.0,85093.5
2025-11-21T00:00:00+00:00,85093.5,23.14898024441794,-1263.3699632761118,44.586647129587554,5.893585209738726,37.96865643039523,104286.76377640635,106470.9675438127,96804.35174800127,-21972.95000000001,bearish,2.642e-05,Neutral,Extreme Fear,0.9949,1.5667,-22482.93208261,262925141090.96,90.0,84689.4
2025-11-22T00:00:00+00:00,84689.4,22.810920241994722,-1267.124930832092,46.62523232746189,5.689999221180195,36.65708016933631,103518.23970674336,106254.23552845139,96272.68911549298,-432.23899999998685,bearish,3.812e-05,Neutral,Extreme Fear,0.9754,1.5451,-535873.57820896,263224792401.86,90.0,86807.7
2025-11-23T00:00:00+00:00,86807.7,28.689828788329024,-1025.7279207806278,47.369091644869705,9.45740662033843,34.570732701218994,102862.92442412599,106060.73766249666,95373.62743014652,-539.5769999999902,bearish,-8.93e-06,Neutral,Extreme Fear,1.0253,1.5328,-166064.12787694,263272717486.68005,90.0,88247.1
2025-11-24T00:00:00+00:00,88247.1,32.45440906014545,-684.3168012553242,47.59611967665022,10.616734853418926,32.32035199853009,102289.75483886615,105883.48753650166,94359.20062108485,-4253.133999999991,bearish,-5.29e-05,Neutral,Extreme Fear,1.0981,1.5636,-7205.48374232,263047436459.09995,91.0,87324.1
2025-11-25T00:00:00+00:00,87324.1,31.312864756809788,-447.31926313747135,47.8069314204464,10.180238317894444,30.991532745805987,101702.86641381259,105698.81701375042,93689.76044152804,-4187.774999999994,bearish,-3.019e-05,Risk-On,Extreme Fear,0.999,1.586,4619.1750012,263073667791.30997,91.0,90438.1
2025-11-26T00:00:00+00:00,90438.1,39.0961890320905,-29.53849767060092,47.05256769913926,13.114570564988473,28.68208617722081,101261.1108681729,105546.96908326534,93158.18781032613,-3470.32699999999,bearish,-4.19e-06,Risk-On,Extreme Fear,0.9972,1.5723,-41616.30092674,263421425804.14,91.0,91292.2
2025-11-27T00:00:00+00:00,91292.2,41.06866094445025,335.49872001941276,45.83421776207175,14.925745574939139,27.71660318325863,100870.17318706807,105405.13058492441,92676.2866346677,-1839.7719999999972,bearish,4.624e-05,Risk-On,Extreme Fear,1.0178,1.6217,15444.05377481,264292676106.97,91.0,90847.8
2025-11-28T00:00:00+00:00,90847.8,40.33665227953391,564.7095437139369,44.25091031436743,16.206742072675013,26.25703119637077,100477.13894443796,105260.2815243779,92435.33966051815,2100.9769999999844,bearish,-1.982e-05,Risk-On,Fear,0.9984,1.6398,8557.45079327,264903083379.58997,91.0,90765.0
2025-11-29T00:00:00+00:00,90765.0,40.19290618357881,718.5607848729596,42.79616158863672,15.887223064426278,25.857777805037397,100096.27075053845,105116.04986741893,92117.09415095902,-1284.839,bearish,2.635e-05,Risk-On,Fear,0.9961,1.6327,19487.16398431,265230033364.21002,92.0,90320.6
2025-11-30T00:00:00+00:00,90320.6,39.38172230779336,792.3987507526908,41.10955674363034,16.966117755286593,25.020749856795057,99712.91111326244,104968.83146077795,91635.40590682246,972.8920000000071,bearish,3.593e-05,Risk-On,Extreme Fear,0.9992,1.6317,-1985.253496,265822792632.53998,92.0,86241.6
2025-12-01T00:00:00+00:00,86241.6,32.831890736558165,578.4575196687947,40.978687605652105,14.869445911628285,34.10554255049787,99184.62440293843,104782.49084922792,90797.0620388136,-1294.2119999999995,bullish,1.491e-05,Mixed,Extreme Fear,0.9976,1.6241,-19944.69932644,265749843200.62,92.0,91249.1
2025-12-02T00:00:00+00:00,91249.1,44.9387942264785,773.917796574091,40.14482820912427,16.597441835882748,30.357395384011532,98873.42736752908,104647.83024376298,90307.01733522832,3845.7550000000047,bullish,-1.732e-05,Mixed,Fear,0.9898,1.5509,25696.0262741,265813621332.30997,92.0,93376.7
2025-12-03T00:00:00+00:00,93376.7,49.13398200392777,1030.1842513292636,38.697714529543184,19.096344115707094,28.576128042773803,98657.86943154754,104535.6796940738,89800.2984813863,2159.030999999988,bearish,-8.85e-06,Mixed,Fear,0.9927,1.6412,-30834.16855091,266721043121.47998,91.0,92034.7
2025-12-04T00:00:00+00:00,92034.7,46.71618267567068,1087.3591646554173,37.3848651674104,17.965561263347503,27.12748725361342,98398.13729697705,104411.29183642133,89400.76849118609,-2869.81700000001,bearish,4.837e-05,Neutral,Fear,1.005,1.683,-1579.327444,266640758975.21,92.0,89288.5
2025-12-05T00:00:00+00:00,89288.5,42.14575862840932,924.6590784051964,36.798630385513924,16.437857728936656,29.98206781441205,98040.89661866422,104260.81629576042,89277.22451471318,-1956.4349999999977,bearish,3.91e-06,Neutral,Extreme Fear,1.0015,1.6553,10062.16054286,267649344903.65,90.0,89197.1
2025-12-06T00:00:00+00:00,89197.1,41.99848618201316,799.9902583016328,36.25426951661005,16.00428731371023,29.191250798837203,97694.08106499111,104110.9285714245,89081.62562646999,-1292.4689999999973,bearish,4.192e-05,Neutral,Extreme Fear,0.9845,1.6055,5316.3472321,268113422878.03998,89.0,90345.4
2025-12-07T00:00:00+00:00,90345.4,44.61690261926402,782.9854628007124,35.17458522919105,17.55353498501829,26.963947344680527,97405.89749381499,103973.958137878,88877.86172237179,2608.1149999999907,bearish,-5.39e-06,Neutral,Extreme Fear,1.0002,1.5998,-611.80568154,268123221417.12003,89.0,90610.8
2025-12-08T00:00:00+00:00,90610.8,45.23229787914702,776.2246139651952,33.96315706559961,17.679223939306056,25.553974114641807,97139.42308229284,103840.99139023744,88759.70042203828,-609.3589999999967,bearish,3.395e-05,Neutral,Extreme Fear,0.9979,1.6301,-22384.65617843,268282092010.99002,89.0,92638.4
2025-12-09T00:00:00+00:00,92638.4,49.81979093510382,886.9292015792316,31.99988619142286,20.26053727336534,23.067021313738405,96962.91237318331,103729.5228191903,88793.1824408543,1477.5309999999881,bullish,5.443e-05,Neutral,Fear,0.9969,1.6435,-10073.43054665,268359162339.50003,89.0,91977.5
2025-12-10T00:00:00+00:00,91977.5,48.396788648271695,891.8602514312843,30.17684895111588,19.13020698307593,21.780117983097405,96767.4060056075,103612.58726875059,88995.24055438528,-4472.3979999999865,bullish,3.205e-05,Risk-On,Fear,1.0026,1.6827,-40646.2783116,268482567802.94998,90.0,92477.5
2025-12-11T00:00:00+00:00,92477.5,49.570357363705924,902.2891992147693,29.181260445816832,17.561348546943016,24.370497429204438,96599.17439754446,103501.79038050433,89844.68373763996,-3114.8179999999993,bullish,6.1e-05,Risk-On,Fear,1.0177,1.6607,9562.71231292,268725057274.24002,89.0,90229.6
2025-12-12T00:00:00+00:00,90229.6,44.65358815372701,738.1963622299654,28.256785405182004,16.461116366077157,22.843666761067226,96349.3871662682,103369.72878467842,90048.28528998441,-4500.857999999978,bullish,3.383e-05,Mixed,Extreme Fear,0.998,1.6609,98822.00272141,268911823365.69,91.0,90191.3
2025-12-13T00:00:00+00:00,90191.3,44.57246759721865,612.6476804067374,27.39834429602109,16.167001268741306,22.435512956457433,96107.89355190475,103238.60014005475,90213.22799856689,-1278.813000000002,bullish,0.0001,Mixed,Extreme Fear,0.9949,1.6221,13599.21888785,268929799170.81,90.0,88118.8
2025-12-14T00:00:00+00:00,88118.8,40.3055002162933,386.62495794752795,27.261469104034827,15.199165740041492,25.594157819525176,95794.59576555554,103088.1543675169,90359.2733463159,-6646.125999999989,bullish,1.9e-06,Mixed,Extreme Fear,0.9995,1.6209,35973.20274395,269205574403.74002,90.0,86389.9
2025-12-15T00:00:00+00:00,86389.9,37.11362409282048,130.52209072185383,27.750409692925558,13.722687133457608,27.928509834697945,95425.7841669063,102922.00258276548,90303.13362420398,-5354.22100000002,bullish,3.081e-05,Mixed,Extreme Fear,0.9978,1.5851,29908.36465503,269139794918.43,90.0,87826.3
2025-12-16T00:00:00+00:00,87826.3,41.27462416286961,70.69547203109278,28.20442595403838,12.917846809194527,26.290493118807156,95127.76517996882,102771.79658691706,90209.86311207908,-1598.9280000000144,bullish,4.089e-05,Neutral,Extreme Fear,0.9816,1.5531,-30239.32550296,269118703356.06,90.0,86201.6
2025-12-17T00:00:00+00:00,86201.6,38.19609948751312,-58.486166363451275,27.580452698188928,15.959315347958242,23.675796066520814,94777.7194866367,102606.9190089378,89973.48800066709,2736.216000000015,bullish,5.917e-05,Mixed,Extreme Fear,0.9965,1.5775,-27042.50591421,269132339633.75,90.0,85469.7
2025-12-18T00:00:00+00:00,85469.7,36.862256593321106,-167.25656047108373,27.249615858786402,14.432497935184793,23.02956916986378,94412.69911461174,102436.39941680907,89645.44391025476,-117.67300000000978,bullish,5.491e-05,Risk-On,Extreme Fear,0.994,1.5488,20330.81297096,269009315530.27005,90.0,88100.0
2025-12-19T00:00:00+00:00,88100.0,44.37950244915327,-42.58269747589952,26.942410222198344,13.263251627476,21.16383263271577,94165.14228658774,102293.74867634331,89510.09219738773,2801.411999999982,bullish,0.0001,Risk-On,Extreme Fear,0.9999,1.5372,15710.97506324,268700718265.41003,91.0,88320.8
2025-12-20T00:00:00+00:00,88320.8,44.971791278526275,68.20228700499047,26.657147845366577,13.03814001828898,20.80462777448584,93935.95239299607,102154.71436115583,89467.34978272342,546.7400000000052,bullish,9.682e-05,Risk-On,Extreme Fear,0.9984,1.5868,-38415.20351277,267964820335.56,89.0,88621.3
2025-12-21T00:00:00+00:00,88621.3,45.817436715770036,169.4052805536944,26.123800183733206,13.665780227591146,20.156339997792543,93727.53465209427,102020.05352174134,89710.0025607549,-2198.652000000009,bullish,4.389e-05,Risk-On,Extreme Fear,0.9892,1.5947,3961.39021281,267787493325.44,89.0,88581.5
2025-12-22T00:00:00+00:00,88581.5,45.71722786038617,237.19397976957453,24.8380370221201,16.13462016183761,18.98764225183026,93525.72937162,101886.33657127626,89658.34014997413,1103.258999999991,bearish,2.633e-05,Risk-On,Extreme Fear,1.0021,1.5944,13817.79746483,268251326062.68,89.0,87463.0
2025-12-23T00:00:00+00:00,87463.0,42.87893685169503,211.1049239922961,24.15546165283134,15.312196673875404,20.836422022892094,93287.9752786153,101742.8207844974,89334.9822491114,-3952.714000000007,bearish,1.795e-05,Risk-On,Extreme Fear,1.0013,1.5968,-23772.69019521,268175743403.16998,89.0,87627.3
2025-12-24T00:00:00+00:00,87627.3,43.43447655404152,208.92688983496805,23.59104803623625,14.738988989747407,20.460139543648538,93065.98801278725,101602.36784136808,89117.6789868797,72.4259999999922,bearish,5.953e-05,Neutral,Extreme Fear,0.9984,1.5733,-881.17623376,268245169202.03003,88.0,87182.8
2025-12-25T00:00:00+00:00,87182.8,42.237633288847356,182.52161656942826,22.760923089148577,15.45762850709353,19.661093239624584,92835.27475738383,101458.88955438929,89024.92389805766,-2141.9919999999984,bearish,8.322e-05,Neutral,Extreme Fear,0.9935,1.578,11341.9696205,268090263950.78995,88.0,87318.2
2025-12-26T00:00:00+00:00,87318.2,42.75508660363488,178.9072468110935,21.479415210316553,16.637971243222374,18.323025851113535,92618.91888454524,101318.18617573865,88950.52365089576,2412.1450000000186,bearish,1.809e-05,Neutral,Extreme Fear,1.0022,1.571,15163.50501941,267768828586.11996,88.0,87829.4
2025-12-27T00:00:00+00:00,87829.4,44.76687667547159,213.34215733105975,20.28944360854396,16.330808183827436,17.9847540392727,92431.09461456309,101183.9693978706,88889.25145430196,-200.1790000000001,bearish,5.85e-05,Neutral,Extreme Fear,0.9869,1.5729,12246.52414155,267625925493.94995,88.0,87920.5
2025-12-28T00:00:00+00:00,87920.5,45.136907521882954,242.5244350640212,19.115265573414217,16.35944576886625,17.669886997299322,92254.32989051577,102317.05464222384,88756.18923219362,1098.3680000000022,bearish,9.464e-05,Neutral,Extreme Fear,0.9999,1.5825,8972.80286868,267639080930.69998,88.0,87203.3
2025-12-29T00:00:00+00:00,87203.3,42.71094321405185,214.7480997436162,18.649714181501416,20.678577842660406,16.05149054932721,92056.25028696614,102166.66902389326,88459.17282272404,562.1389999999956,bearish,4.826e-05,Mixed,Extreme Fear,0.9951,1.5834,430.93048973,267513091155.16,88.0,88455.3
2025-12-30T00:00:00+00:00,88455.3,47.96832091242327,277.9075804579495,18.21741646043953,19.324962991570438,15.000763746206585,91915.03655022237,102030.23749131721,88174.89493977034,-1038.205999999991,bearish,8.345e-05,Neutral,Extreme Fear,0.9993,1.5707,255181.06506348,267315388429.31,88.0,87608.2
2025-12-31T00:00:00+00:00,87608.2,44.9618518898394,260.15987888773816,17.815997148024923,18.316728818135825,14.218134426650227,91746.14099923326,101886.7346307071,87881.87659922463,195.71300000000338,bearish,3.75e-05,Mixed,Extreme Fear,0.9941,1.5949,-152450.55118515,267025304206.05,87.0,88800.0
2026-01-01T00:00:00+00:00,88800.0,49.7351643724802,322.15636450606985,17.443250643639928,17.637638743119226,13.69099914664161,91630.60605808687,101756.51836572494,87708.44864666476,677.5729999999967,bearish,1.711e-05,Mixed,Fear,0.9935,1.5796,-4360.62049451,267378826530.43,86.0,89951.4
2026-01-02T00:00:00+00:00,89951.4,53.89531135035065,427.57251039362995,18.10077205239794,21.964924553053965,12.721496238236735,91564.75484012268,101639.05450138937,87819.53851667674,-548.7080000000133,bullish,4.813e-05,Neutral,Fear,0.9984,1.6061,66109.93255834,266836440912.62003,86.0,90595.8
2026-01-03T00:00:00+00:00,90595.8,56.0859074527339,521.347089804222,18.711327646244662,21.072307213875526,12.204516173264711,91526.75661109826,101529.17137202232,87842.5081602395,1140.2589999999982,bullish,9.488e-05,Neutral,Extreme Fear,1.0003,1.6242,-62203.86589924,266591647450.68997,85.0,91497.1
2026-01-04T00:00:00+00:00,91497.1,59.01882684087488,618.115644833254,19.737280481689844,23.433388413444984,11.785017736145425,91525.59360674147,101429.34976633056,88013.98520798783,1031.5250000000087,bullish,8.893e-05,Neutral,Fear,1.0008,1.6348,14306.17076378,266718625425.49,85.0,93822.4
2026-01-05T00:00:00+00:00,93822.4,65.4331436013172,801.1555409097164,21.69015551403112,29.702510521300358,10.687765726313152,91615.66444569279,101353.65872387952,88507.91378947087,4702.617999999988,bullish,7.723e-05,Risk-On,Fear,1.0022,1.6477,-3100.9797069,266766691771.43002,86.0,93708.0
2026-01-06T00:00:00+00:00,93708.0,64.89498674143042,871.1514384389245,23.29530407131693,27.053824399260357,10.478646347954346,91697.7168203715,101277.58251767178,88994.9699361688,1021.4020000000019,bullish,2.691e-05,Mixed,Fear,1.0078,1.6931,-21853.57347563,266933577606.30002,85.0,91328.0
2026-01-07T00:00:00+00:00,91328.0,54.79761456136436,720.0534176043305,24.33411737496184,24.77302434916215,11.171925927467223,91683.2181215334,101178.58169660042,89453.50434882627,-2387.4219999999914,bullish,2.885e-05,Neutral,Fear,1.0047,1.6854,22326.83417412,267176741688.27,85.0,91059.8
2026-01-08T00:00:00+00:00,91059.8,53.78206484765165,571.4278150296664,24.28812932562771,23.11793650380654,14.262422936410477,91658.7703520615,101077.89730160938,89701.86896928897,394.10800000000745,bullish,6.436e-05,Neutral,Fear,1.0032,1.6448,-55782.13624949,267040720573.50998,86.0,90603.6
2026-01-09T00:00:00+00:00,90603.6,52.01619258215559,418.84295562463194,24.38584072089279,22.524378789095405,13.326456603862768,91617.3911225689,100973.67543791179,89788.68469091272,-416.67499999998836,bullish,5.643e-05,Risk-On,Extreme Fear,0.9955,1.6493,134356.67146266,266547634877.66,86.0,90469.6
2026-01-10T00:00:00+00:00,90469.6,51.48149628640668,291.3826846693686,24.47657273078179,22.22670483540747,13.150339026411842,91572.37970599756,100869.15727435048,89838.202328998,-1229.6690000000017,bullish,6.235e-05,Risk-On,Fear,0.9949,1.6326,-105588.35194959,266180996532.41003,86.0,90964.4
2026-01-11T00:00:00+00:00,90964.4,53.386896504091546,225.81612396136507,24.767999451039355,22.880643389946894,12.715588707018782,91548.5373645859,100770.60247560072,89916.96243115934,-957.6519999999946,bullish,1.667e-05,Risk-On,Fear,1.0004,1.6298,2979.01448406,265948253951.41998,86.0,91252.6
2026-01-12T00:00:00+00:00,91252.6,54.50753931358315,188.7810392427109,25.563779562174517,24.96563910384238,11.773139953301467,91536.93197773941,100675.8959833062,90160.11392516951,-3413.1749999999884,bullish,4.65e-05,Neutral,Fear,0.9946,1.6379,-1724.10778275,266031456395.13,86.0,95375.2
2026-01-13T00:00:00+00:00,95375.2,66.80248617231501,415.842551233682,27.593119439404752,33.017649873554674,9.869505802971261,91687.45229233787,100623.15273969121,90628.33527398444,10844.95199999999,bullish,1.29e-06,Neutral,Neutral,0.9986,1.6442,10393.2904767,265793396335.53998,86.0,96907.9
2026-01-14T00:00:00+00:00,96907.9,70.0439583285383,630.3025971690995,29.704359291139692,32.76612010778248,8.934192430182945,91892.17573185403,100586.18505073906,91133.21831822628,2528.618999999977,bullish,-3.67e-06,Neutral,Greed,1.0081,1.7173,9056.20351461,265649710572.27002,85.0,95567.3
2026-01-15T00:00:00+00:00,95567.3,64.14436611558409,640.8180577621598,31.664796296322134,30.906064261190412,8.427019264435033,92036.29825217348,100536.24589600535,91630.10799938507,2744.8949999999895,bullish,7.34e-05,Neutral,Neutral,1.0089,1.7438,2811.93595991,266387568719.62,85.0,95503.7
2026-01-16T00:00:00+00:00,95503.7,63.869521294589255,602.9883682229025,32.81663968070823,29.522636884931458,10.429344026261775,92172.27479130393,100486.17081246301,91816.56720328143,-4538.799000000014,bullish,-1.78e-06,Neutral,Neutral,1.0051,1.7208,2560.65166559,267139506189.03995,85.0,95107.9
2026-01-17T00:00:00+00:00,95107.9,62.08660756973299,514.265409634732,33.886208537638176,28.957082968186942,10.229553052775293,92287.39734850771,100432.6556800007,91929.27093010918,-1171.8269999999975,bullish,2.976e-05,Neutral,Neutral,1.0024,1.7148,-3406.89487726,267009272867.48996,85.0,93614.0
2026-01-18T00:00:00+00:00,93614.0,55.75975198819804,327.04424853819046,33.77703744607395,27.264022319885857,13.933428210982129,92339.42098189957,100364.80835980168,92293.24743889947,-1482.078999999998,bullish,6.571e-05,Neutral,Fear,1.0059,1.7084,17374.80077887,267315955529.21002,85.0,92589.6
2026-01-19T00:00:00+00:00,92589.6,51.85734137409309,117.11775813537861,32.52982981359515,25.74777926943936,18.52429054329139,92349.23192378586,100287.44310249022,92529.5117878641,-699.2700000000041,bullish,2.494e-05,Neutral,Fear,1.0033,1.7019,73536.00371447,267376602763.95,85.0,88390.6
2026-01-20T00:00:00+00:00,88390.6,39.617835967020085,-298.8977899041188,30.954394383334158,22.063602705935573,27.226072022968985,92193.99145618643,100169.06655420674,92489.5046186731,-9807.49000000002,bearish,5.652e-05,Mixed,Extreme Fear,0.9991,1.662,-73500.03106989,267390387454.54004,85.0,89411.4
2026-01-21T00:00:00+00:00,89411.4,43.13184009235263,-488.48105408098684,29.71343644551523,19.99595010600653,26.28078586924233,92084.8702226105,100062.02509595593,92292.91592359662,-2990.0169999999925,bearish,2.41e-05,Mixed,Extreme Fear,0.9912,1.5864,37654.76546788,267128341616.90002,85.0,89518.5
2026-01-22T00:00:00+00:00,89518.5,43.50333247898222,-583.3995337738322,28.56111836039766,18.94685669585725,24.90195670019552,91984.22825309636,99957.11439848374,92351.18896263833,-949.0069999999978,bearish,9.419e-05,Mixed,Extreme Fear,0.9928,1.6067,-9898.21221033,266325722667.05,85.0,89558.7
2026-01-23T00:00:00+00:00,89558.7,43.65212446959909,-616.9478931252158,27.031772623766226,19.964114019215902,23.038952870831476,91889.10949807298,99853.64758854859,92274.5849142708,-1266.0600000000122,bearish,6.968e-05,Mixed,Extreme Fear,1.0011,1.6103,24257.99123375,265778989120.74,85.0,89180.7
2026-01-24T00:00:00+00:00,89180.7,42.51820535125659,-635.55438751452,25.611665868322753,19.505914036277538,22.51018170662294,91782.89736089366,99747.44910508045,92268.41913117481,-782.9010000000017,bearish,3.901e-05,Mixed,Extreme Fear,0.9501,1.6162,-7993.80024831,264940211782.94003,85.0,86628.9
2026-01-25T00:00:00+00:00,86628.9,35.76415651809259,-781.0985078342002,25.55209575549339,17.673225021311882,29.316088865656724,91580.77981732921,99616.91627816422,91939.73347260672,-6097.72099999999,bearish,4.067e-05,Mixed,Extreme Fear,0.9984,1.6129,46458.70337284,264029158617.58,85.0,88300.6
2026-01-26T00:00:00+00:00,88300.6,42.237540126589145,-727.2608249759376,25.496780650723274,16.461808069108034,27.30660802775956,91452.14531468885,99504.31611619245,91627.05908036002,-1675.997000000003,bearish,5.606e-05,Mixed,Fear,0.9961,1.5624,6331.43309153,263720373863.32,85.0,89197.8
2026-01-27T00:00:00+00:00,89197.8,45.41681717479958,-599.0459569480399,25.042900475374182,17.32700105751706,25.531093984458984,91363.7396160736,99401.76371702636,91466.31071309547,1507.3619999999937,bearish,6.237e-05,Mixed,Fear,0.9971,1.598,-12782.41389822,263589291478.30002,86.0,89261.7
2026-01-28T00:00:00+00:00,89261.7,45.646277847049795,-482.74805777723304,23.991042152687154,19.643151405705915,24.16253303651002,91281.30668995305,99300.86756063804,91423.76385197199,-409.9789999999921,bearish,7.21e-05,Neutral,Fear,1.0006,1.615,23647.93949644,262887554557.08002,86.0,84604.7
2026-01-29T00:00:00+00:00,84604.7,34.32196982917526,-680.1925405069574,24.83591529294989,16.49267219367726,34.90179214379807,91019.47897662155,99154.63703764662,90941.07508561235,-11560.396999999997,bearish,4.023e-05,Neutral,Extreme Fear,0.9995,1.612,-10410.51824961,262282805860.50998,85.0,84211.4
2026-01-30T00:00:00+00:00,84211.4,33.564630404746325,-790.2846343576861,26.15302083850982,14.901024391216014,37.63710733364516,90752.49548734227,99005.9481118989,90222.97532385515,-3681.7119999999995,bearish,9.693e-05,Risk-Off,Extreme Fear,0.9907,1.53,16541.34848914,261773443348.76,85.0,78706.8
2026-01-31T00:00:00+00:00,78706.8,25.18757743673808,-1164.2447402092428,28.297285974404158,11.962245108664426,42.62589536553452,90280.11527215238,98803.96653864619,89216.95424261963,-20194.239,bearish,6.585e-05,Risk-Off,Extreme Fear,0.9889,1.5231,-3902.07345572,260297277780.7,85.0,76931.5
2026-02-01T00:00:00+00:00,76931.5,23.178377760488416,-1443.339834380853,30.28838931487747,10.96244793587162,39.06324894865453,89756.64016344053,98586.33005567458,88342.9943419778,-7962.1479999999865,bearish,6.8e-07,Risk-Off,Extreme Fear,0.9878,1.4247,37249.2419275,260106294126.23,85.0,78692.5
2026-02-02T00:00:00+00:00,78692.5,29.21059852760952,-1419.3766830543186,32.29260861392171,9.840001833733877,37.40802537405429,89322.75231389386,98388.38149790668,87000.63223691181,809.4860000000044,bearish,-2.203e-05,Mixed,Extreme Fear,0.9917,1.4006,47831.633903,259920627774.05,86.0,75732.4
2026-02-03T00:00:00+00:00,75732.4,25.57525514688244,-1504.7732087317165,34.378486902559104,8.590467336871905,36.029431717360005,88789.79732119213,98162.94884618622,85362.5601547655,-6530.859999999986,bearish,-4.65e-06,Mixed,Extreme Fear,0.9891,1.429,-56871.88404421,259959436254.09998,86.0,73137.4
2026-02-04T00:00:00+00:00,73137.4,22.88622977661943,-1627.508122732214,36.449713951273544,7.7288308698229296,34.47715590472393,88175.9778184003,97913.93840990576,83859.73860804182,-3930.6630000000005,bearish,4.618e-05,Mixed,Extreme Fear,0.9793,1.3743,45186.83664862,260239540887.41003,88.0,62868.1
2026-02-05T00:00:00+00:00,62868.1,15.804449362834205,-2253.258525380264,39.22217218014604,6.262877841686362,44.37514400969282,87183.51202160028,97565.22359985695,80468.3391235555,-25871.21299999999,bearish,-1.597e-05,Mixed,Extreme Fear,0.9772,1.3307,3768.0915726,260365771057.91998,89.0,70544.5
2026-02-06T00:00:00+00:00,70544.5,32.59490143723937,-2011.0981396335374,41.94034445311073,5.135246638748774,40.06259367823565,86531.0017462434,97296.36067846535,78654.10210771857,7765.173000000068,bearish,-0.00013478,Risk-On,Extreme Fear,0.9625,1.1732,-20579.44862694,260555760528.56,89.0,69254.2
2026-02-07T00:00:00+00:00,69254.2,31.459264280790507,-1805.2926802092434,44.4643615637208,4.789187396920377,37.36281472519448,85853.48010913582,97017.33420405276,77899.83375352067,-3092.5709999999963,bearish,-2.907e-05,Risk-On,Extreme Fear,0.9852,1.2924,-36748.52405748,260641487687.4,88.0,70288.1
2026-02-08T00:00:00+00:00,70288.1,33.459801049772295,-1480.622805115967,46.515492840235744,5.476837581910512,35.36490968330601,85243.07304603246,96751.37167465921,77292.13041498773,5408.78899999999,bearish,-4.864e-05,Risk-On,Extreme Fear,0.9825,1.2684,-7130.88120812,262429635194.83002,89.0,70110.5
2026-02-09T00:00:00+00:00,70110.5,33.28010786299913,-1172.4112092547093,48.46379750051117,5.2026428094400226,34.49969835585593,84649.63880893314,96486.28837441385,76440.03716732525,555.0219999999972,bearish,-8.798e-05,Risk-On,Extreme Fear,1.0023,1.288,28113.37647143,262602137515.82,89.0,68805.3
2026-02-10T00:00:00+00:00,68805.3,31.92325063911882,-959.9609405373067,50.30366369765431,4.980492580651493,33.660813550843365,84028.29218897499,96210.85565427043,75579.0414164727,-2853.5689999999886,bearish,1.4e-05,Neutral,Extreme Fear,0.9871,1.288,1453.94100303,261664674322.13,90.0,67054.4
2026-02-11T00:00:00+00:00,67054.4,30.147547451354967,-844.9245982119592,52.17710797689769,4.688499597461697,35.267835363212775,83362.64935803479,95920.74166766078,74829.77611738136,-2098.157999999996,bearish,-1.381e-05,Neutral,Extreme Fear,0.9864,1.2621,1453.94100302,261731709838.28995,90.0,66243.1
2026-02-12T00:00:00+00:00,66243.1,29.333349983829862,-735.0869818879628,53.96306240564949,4.427882611903798,34.37995092288879,82691.2944812491,95625.44175056963,74105.50460208966,-4745.687000000005,bullish,-1.728e-05,Neutral,Extreme Fear,0.9795,1.2318,1453.94100303,261875683857.72998,89.0,68821.5
2026-02-13T00:00:00+00:00,68821.5,35.31265346268485,-416.26754868404623,55.009297728820584,6.004433241259962,32.25298324403384,82147.38097218052,95358.73586250427,73789.97844125208,2626.61500000002,bullish,-1.274e-05,Neutral,Extreme Fear,0.9792,1.2186,1453.94100303,261475193431.69003,89.0,69795.4
2026-02-14T00:00:00+00:00,69795.4,37.46497991400277,-84.62208647278658,55.38695771530316,7.7244549434748775,31.186282129769893,81662.98956150677,95104.37431163358,73357.82812259161,3728.6600000000035,bullish,-1.068e-05,Neutral,Extreme Fear,0.9849,1.2689,1453.94100302,261401317931.93002,87.0,68796.9
2026-02-15T00:00:00+00:00,68796.9,36.13738990754622,111.99598982994848,55.82639402539513,7.318664489277182,30.73898902504326,81158.43702968297,94842.608398085,72844.44999963953,-408.86000000001513,bearish,-2.371e-05,Neutral,Extreme Fear,1.0015,1.2843,1453.94100303,261488122301.94,88.0,68862.5
2026-02-16T00:00:00+00:00,68862.5,36.29710211530004,281.3275866577342,56.339697565056774,6.932912418958534,30.555100189226103,80676.2434206758,94584.09985681051,72353.19437669174,-354.24199999999837,bearish,-4.112e-05,Neutral,Extreme Fear,0.9986,1.262,1453.94100302,261525639655.70004,88.0,67475.9
2026-02-17T00:00:00+00:00,67475.9,34.34208677345407,331.3626907919206,56.905768677794484,6.5877691379196,30.282036762180493,80158.58289437479,94314.36652490195,71798.01644374334,-4207.774000000005,bearish,3.215e-05,Neutral,Extreme Fear,0.9871,1.2723,1453.94100303,261571891666.56003,88.0,66422.8
2026-02-18T00:00:00+00:00,66422.8,32.8930306496751,324.530089908184,57.53418718814197,6.256012278134142,30.226052039254114,79619.9247416542,94036.83849977856,71005.45315817023,-2005.6210000000137,bearish,3.604e-05,Mixed,Extreme Fear,0.9902,1.2443,1453.94100302,261616162411.33,89.0,66974.0
2026-02-19T00:00:00+00:00,66974.0,34.45201638463077,384.0550978004985,58.149427101566836,6.042264060189164,29.655378751298215,79124.00612433444,93767.5565246564,70234.08708104472,-1298.241000000009,bearish,5.365e-05,Neutral,Extreme Fear,0.984,1.2274,139556.44776179,261408213050.88,89.0,67979.3
2026-02-20T00:00:00+00:00,67979.3,37.312419110450676,510.1556319243573,58.05371689549437,7.850083485187592,28.50087617710039,78686.95882534095,93510.95695724688,69592.3863326848,2324.8730000000214,bearish,-6.71e-06,Neutral,Extreme Fear,0.9919,1.2347,-7932.55990304,261551750438.22,89.0,67933.1
2026-02-21T00:00:00+00:00,67933.1,37.23200814359825,603.1069963545333,57.69379058824703,8.523316056920322,27.75749888765028,78265.238871406,93256.45091787129,69259.63873049057,2793.8830000000016,bearish,3.235e-05,Neutral,Extreme Fear,0.9819,1.2549,-7932.55990304,261849300304.27997,89.0,67613.5
2026-02-22T00:00:00+00:00,67613.5,36.64369224808039,651.5860871801297,57.4314954255128,8.314734991035362,27.853315814667916,77847.52362154695,93001.29717739497,68761.78868287742,754.2999999999884,bearish,4.972e-05,Neutral,Extreme Fear,1.0005,1.2569,-7932.55990304,262480526426.07,88.0,64625.8
2026-02-23T00:00:00+00:00,64625.8,31.614528956966694,497.8924591056093,57.78906143744415,7.603842945608832,32.88242217850404,77329.0246559961,92718.9539218985,68070.85236450937,-3294.335999999952,bearish,2.251e-05,Neutral,Extreme Fear,0.9967,1.2486,-7932.55990304,262425169498.36996,88.0,64031.3
2026-02-24T00:00:00+00:00,64031.3,30.71130724675608,377.13139693211724,58.33667508921392,7.156276843443596,34.27612743823186,76807.54525772174,92433.5046291433,67471.70757722943,-4647.692999999999,bearish,-1.82e-06,Neutral,Extreme Fear,0.9806,1.1935,-7932.55990304,262611916312.17996,89.0,67952.5
2026-02-25T00:00:00+00:00,67952.5,42.40035824041635,570.6641892448633,56.133160264061125,16.944830303463053,29.79145024811396,76460.28858094834,92189.91254328119,67674.82912675427,15576.129999999946,bearish,-1.998e-05,Neutral,Extreme Fear,0.978,1.1841,-7932.55990304,262756502736.35004,89.0,67448.2
2026-02-26T00:00:00+00:00,67448.2,41.43228017963569,667.3192415491412,54.08703935499067,16.06216073684042,28.23959012271699,76106.87334247977,91943.72634882068,67718.92975784226,-2283.9169999999867,bearish,4.007e-05,Neutral,Extreme Fear,0.9965,1.2577,-7932.55990304,262886756833.56,89.0,65836.0
2026-02-27T00:00:00+00:00,65836.0,38.41280473170702,625.9618404132243,52.58896297820651,14.902284148049969,29.657945143109416,75704.09399571586,91683.94797719062,67517.03530365943,-2949.209999999992,bearish,4.041e-05,Neutral,Extreme Fear,0.9977,1.2483,-7932.55990305,263321895466.28998,89.0,66937.1
2026-02-28T00:00:00+00:00,66937.1,41.546081965688465,671.9987040970627,51.63172502205463,13.405918881537888,30.683529474142258,75360.29030960935,91437.71068388523,67276.89179710683,-898.255999999994,bearish,-4.305e-05,Neutral,Extreme Fear,0.9879,1.2198,-7932.55990304,263174390395.39005,88.0,65750.0
2026-03-01T00:00:00+00:00,65750.0,39.22890194893603,622.8400720694481,50.51539583529759,13.46521234022407,28.615625301666565,74983.41617982075,91182.1115726028,67063.27184920381,-1082.0659999999916,bearish,2.948e-05,Neutral,Extreme Fear,0.9943,1.2377,-7932.55990304,263091840596.53998,88.0,68801.8
2026-03-02T00:00:00+00:00,68801.8,47.35756493486865,785.6888409396515,48.56595962419478,16.04645040549622,25.75385640990368,74740.99985904347,90959.42190521372,67038.54123258864,7024.381999999983,bearish,-1.86e-06,Neutral,Extreme Fear,0.9958,1.2173,-7932.55990304,263054317182.27,88.0,68295.3
2026-03-03T00:00:00+00:00,68295.3,46.25181013526021,844.0098029083128,46.75576885674218,15.003141999379455,24.07939170254551,74488.22731555157,90733.90825441558,67073.40038233742,1896.5800000000163,bearish,1.481e-05,Mixed,Extreme Fear,0.9978,1.2748,-7932.55990304,263178202505.71997,88.0,72641.4
2026-03-04T00:00:00+00:00,72641.4,55.79052335457191,1141.5154057291425,43.656487181144826,22.411818528072665,20.952259380067513,74415.8027149417,90553.8832966602,67479.20181981784,23431.98000000004,bullish,3.567e-05,Risk-On,Extreme Fear,0.9959,1.2677,-7932.55990304,263917459297.93,88.0,70854.8
2026-03-05T00:00:00+00:00,70854.8,51.72654211392135,1179.3652409459514,40.77858276809014,21.12098406051132,19.745489900509238,74276.15554964988,90357.87251758896,67687.60482037645,-1778.018000000011,bullish,1.74e-06,Mixed,Extreme Fear,1.0024,1.3404,13896.93445108,264471079677.24002,87.0,68083.0
2026-03-06T00:00:00+00:00,68083.0,46.114187955421556,986.9225461524138,38.59090512219516,19.594558100088996,24.022129845794574,74033.28670456557,90136.23199502588,67703.2085932516,-7642.5990000000165,bullish,-2.176e-05,Mixed,Extreme Fear,0.9954,1.3147,2510.99441463,265191020540.59,88.0,67232.1
2026-03-07T00:00:00+00:00,67232.1,44.51734504709917,780.5630734244328,36.81735680407593,18.923396140356953,24.96265614956148,73766.57350046496,89908.3301841301,67642.00623032717,-2860.027999999991,bullish,-4.217e-05,Mixed,Extreme Fear,0.9825,1.2644,2454.95642205,265609314323.06,88.0,65934.3
2026-03-08T00:00:00+00:00,65934.3,42.121569628772356,545.999363357038,35.54255594527513,17.897552241119893,26.277652546592446,73459.42552005457,89669.7826201089,67560.74165552728,-2092.282999999996,bullish,-5.77e-05,Mixed,Extreme Fear,0.9933,1.2474,31987.91851386,265713798906.51,88.0,68394.1
2026-03-09T00:00:00+00:00,68394.1,47.85014539563683,544.6108115799352,33.8225359409082,19.262381358292714,24.249876384148607,73260.78530358186,89458.08428558047,67572.00499928212,6735.2270000000135,bullish,-3.431e-05,Mixed,Extreme Fear,0.9963,1.2251,13283.30278370902,265642827490.46,88.0,69901.9
2026-03-10T00:00:00+00:00,69901.9,51.04848571423173,627.4490276868739,31.410912222261373,22.566739797516263,22.53976435796541,73129.06431128453,89263.49538721649,67748.12967014284,6088.391999999993,bullish,-0.00011052,Neutral,Extreme Fear,0.9959,1.2686,-9220.938542701304,265565837987.36,88.0,70150.0
2026-03-11T00:00:00+00:00,70150.0,51.57475869439994,676.9152396227812,29.171547340660744,21.440821666340124,21.41519210735329,73012.23825986161,89073.31135351285,67893.46780922447,4078.017999999982,bullish,-7.802e-05,Neutral,Extreme Fear,0.9999,1.2961,-7855.23833085224,266533815740.81003,88.0,70480.1
2026-03-12T00:00:00+00:00,70480.1,52.30940971029895,706.5616469748036,27.092137093460163,20.682141845049337,20.657419183640148,72912.9387202592,88888.30427536844,68008.06945476198,456.7950000000128,bullish,-7.381e-05,Risk-Off,Extreme Fear,0.977,1.3035,-21469.364237597212,267020289479.94998,86.0,70895.5
2026-03-13T00:00:00+00:00,70895.5,53.27015720625512,726.0645209327558,26.243265997081725,25.90041596901303,19.0624842909866,72833.82347632747,88709.27139700658,68253.37761542766,13493.899000000034,bullish,-6.38e-06,Risk-Off,Extreme Fear,0.9934,1.3102,-18757.941074721515,267142006751.97998,86.0,71174.4
2026-03-14T00:00:00+00:00,71174.4,53.94105635674026,727.8212927703106,25.417792915242185,25.294438944553793,18.81608398241646,72768.74804588324,88534.79506469808,68311.03616675048,164.89400000000023,bullish,-1.883e-05,Risk-Off,Extreme Fear,1.0028,1.3173,-7443.020353868604,267240242134.79,88.0,72778.9
2026-03-15T00:00:00+00:00,72778.9,57.703287115234204,801.3009019226279,25.24694854714793,28.394949710632318,17.765953233636484,72769.14616173095,88378.01998942746,68612.28141658044,7384.478000000003,bullish,2.513e-05,Risk-Off,Extreme Fear,0.9904,1.3217,-3084.507132122293,267664307351.21002,88.0,74846.4
2026-03-16T00:00:00+00:00,74846.4,62.009512913420934,943.6043249761202,25.5503786874065,30.591035969624553,16.65564218160265,72850.60709656503,88243.37700445803,69184.56668262034,15313.254000000015,bullish,2.41e-06,Risk-On,Fear,1.0027,1.3519,-10148.772115668282,267653303719.72,88.0,73872.4
2026-03-17T00:00:00+00:00,73872.4,58.96390134033587,925.3333110327073,26.11842606494284,31.31209152647664,15.596340017471476,72890.67740650366,88100.38220839378,69580.23608359104,5837.159000000014,bullish,-1.26e-05,Neutral,Fear,1.0056,1.386,-7343.397212149575,267629110867.26,88.0,71202.9
2026-03-18T00:00:00+00:00,71202.9,51.4983008467345,697.0632767713976,25.350003147788772,28.280244315623627,20.749090742363705,72824.490057229,87932.24805706648,69791.97193288982,-7575.119000000006,bullish,-9.74e-06,Risk-Off,Extreme Fear,1.0001,1.3717,-3986.12182568945,267861973498.43002,88.0,69887.4
2026-03-19T00:00:00+00:00,69887.4,48.25584500314933,433.95658592618986,23.977911926552384,26.402864200693553,23.34781149778746,72709.31005498473,87752.6973301305,69970.36477063749,-8935.847000000009,bullish,1.205e-05,Neutral,Extreme Fear,0.9906,1.325,23010.832879351452,268414394007.24,88.0,70472.7
2026-03-20T00:00:00+00:00,70472.7,49.77117271025767,283.1229816745709,22.703827221118594,25.145499640602075,22.23593550926334,72621.59985675004,87580.7570581889,70232.91337634834,5075.335000000021,bullish,-1.493e-05,Risk-Off,Extreme Fear,0.9896,1.2999,41806.8471482303,267949626272.49002,88.0,68881.5
2026-03-21T00:00:00+00:00,68881.5,45.84084461945833,71.02247994000356,21.190331803714088,23.58716066574281,22.883185400117355,72474.92927413239,87394.69479890344,70425.68341654062,-4684.284,bullish,1.093e-05,Risk-Off,Extreme Fear,0.9941,1.3102,18669.31060975045,267746097400.71002,88.0,67830.6
2026-03-22T00:00:00+00:00,67830.6,43.40307459698331,-134.0414582569024,20.028845485990868,22.28014553371748,24.59065246817152,72292.79871436249,87200.0271889641,70516.13371795321,-2662.006000000023,bullish,-2.079e-05,Risk-Off,Extreme Fear,1.0001,1.3044,23734.794844551012,267687266840.91,88.0,70865.9
2026-03-23T00:00:00+00:00,70865.9,51.43609127562253,-62.86797876804741,19.085309022866543,25.25698303364217,22.032176804527747,72236.84190203456,87037.49856021818,70648.64118136132,7715.197999999975,bullish,4.229e-05,Mixed,Extreme Fear,1.0124,1.2636,-4606.959659308195,267572817623.53,87.0,70523.9
2026-03-24T00:00:00+00:00,70523.9,50.565233932957334,-37.673376056123246,18.209168021393957,23.745953436458162,20.71407514536724,72169.66770979791,86873.18414668368,70565.24853717911,-52.87400000001071,bullish,2.31e-05,Risk-Off,Extreme Fear,0.999,1.3176,4021.465914450586,267531465117.87,86.0,71297.5
2026-03-25T00:00:00+00:00,71297.5,52.52333152843416,28.662665744168436,17.62799819661662,24.33265275588595,19.87927764215458,72135.46505451173,86718.20221487588,70528.78368621504,4617.116999999998,bearish,4.721e-05,Mixed,Extreme Fear,0.9836,1.3129,1384.2212429884821,267173557962.79996,88.0,68788.0
2026-03-26T00:00:00+00:00,68788.0,46.13887061176996,-92.27718049622925,16.593597843286144,22.365859821831023,23.81901769039173,72004.19191511911,86539.79224258856,70557.57468381779,-7721.6600000000035,bearish,-2.103e-05,Risk-Off,Extreme Fear,0.9946,1.3249,6729.652745239437,267226889502.05002,87.0,66364.2
2026-03-27T00:00:00+00:00,66364.2,40.960094015977155,-318.57856649083897,16.53382458917316,20.401501298020477,28.03325565884872,71783.01576158502,86339.04008097078,70438.12576805933,-13757.67200000002,bearish,-5.841e-05,Risk-Off,Extreme Fear,0.9943,1.2803,26544.201527358964,267153083934.89,87.0,66334.8
2026-03-28T00:00:00+00:00,66334.8,40.90012594278056,-445.5243125721514,16.478320853211105,19.687670272694003,27.052396096707724,71569.36024152287,86139.992915986,70503.52475472001,2355.592000000004,bearish,-1.73e-06,Risk-Off,Extreme Fear,0.9816,1.233,24060.31040547043,266857653052.15002,87.0,65977.9
2026-03-29T00:00:00+00:00,65977.9,40.13199753325683,-523.4260074885719,16.74591081893382,18.59272945737713,28.019947841937558,71350.08729087492,85939.37507602594,70536.66816551742,-5945.975999999995,bearish,3e-06,Risk-Off,Extreme Fear,0.955,1.2382,10525.43458878994,266239886034.43002,87.0,66764.4
2026-03-30T00:00:00+00:00,66764.4,42.68648113189025,-492.3419951436608,16.49500303605997,20.14662049159327,26.291927255171387,71170.25641672296,85748.5793041252,70389.13157115663,4415.166999999987,bearish,1.16e-06,Risk-Off,Extreme Fear,1.1992,1.2284,12366.134882748127,266233847029.02,88.0,68241.5
2026-03-31T00:00:00+00:00,68241.5,47.23963181157753,-349.3827025523948,16.049562454444843,19.92781222447153,24.483940622309007,71055.4032239103,85574.3795100543,70219.46886865958,5898.097000000009,bearish,-3.449e-05,Mixed,Extreme Fear,0.9974,1.2442,-2170.3967963587493,266207539427.79004,87.0,68086.5
2026-04-01T00:00:00+00:00,68086.5,46.81930566966189,-247.1568092985906,15.31055152415904,20.826097649091064,23.345377742119442,70938.97564650205,85400.37075871049,70142.03152438132,2942.511999999988,bearish,5.77e-06,Risk-On,Extreme Fear,0.9991,1.272,-4803.736204139888,265939783854.62,88.0,66868.5
2026-04-02T00:00:00+00:00,66868.5,43.540795533295345,-243.09552813217135,15.347117779872203,19.200897417381814,26.419114227144785,70779.3491505608,85215.97403474322,69847.57367032267,-7247.068999999989,bearish,-8.31e-06,Mixed,Extreme Fear,1.0027,1.2703,30202.586552958935,265895999035.51,88.0,66930.0
2026-04-03T00:00:00+00:00,66930.0,43.75496043557139,-218.56605839075496,15.381072160177283,18.61484768383016,25.61275010171214,70628.39428191136,85034.02404434777,69757.19941157993,-170.37299999999232,bearish,3.761e-05,Mixed,Extreme Fear,0.9897,1.2478,29757.51645869203,265908358284.69,88.0,67271.0
2026-04-04T00:00:00+00:00,67271.0,45.00072074458764,-164.15820662662964,15.30085488740869,18.770741649777804,25.01351412256157,70496.73176105208,84857.27753644381,69628.84845206246,507.95300000000134,bearish,1.651e-05,Mixed,Extreme Fear,0.9962,1.2495,34308.33573274128,265879239048.79,88.0,68997.9
2026-04-05T00:00:00+00:00,68997.9,50.92831815888482,-5.056263301721174,14.414265810050326,21.88302482921615,23.184859245883636,70437.9540449324,84699.47278483742,69231.56618197271,8525.267000000007,bearish,1.889e-05,Mixed,Extreme Fear,1.0003,1.256,9761.12784774974,266211926105.31998,88.0,68817.9
2026-04-06T00:00:00+00:00,68817.9,50.31955481931023,89.64314269222416,13.750756053455074,24.11186176538413,21.76082718122892,70374.42251375859,84541.44718498828,68881.2101049427,-748.5020000000077,bearish,-3.15e-06,Neutral,Extreme Fear,1.0082,1.2871,11737.724544137716,266176388145.84003,88.0,71890.2
2026-04-07T00:00:00+00:00,71890.2,59.26889721531307,346.3618598051046,14.09517887900879,27.360960935343048,18.789572135291273,70433.864768121,84415.56412842123,68793.67798529536,14402.726999999984,bullish,6.02e-05,Mixed,Extreme Fear,1.003,1.285,-703.4991495013237,266224199595.31998,88.0,71038.1
2026-04-08T00:00:00+00:00,71038.1,56.24279120045484,439.9380543067304,14.457078684726616,26.033715781554655,17.66102698025947,70457.56026741037,84282.45503261605,68861.39916820565,3484.162000000011,bullish,-1.47e-06,Risk-On,Extreme Fear,0.9963,1.342,6910.2062843013555,266580203562.06998,88.0,71750.4
2026-04-09T00:00:00+00:00,71750.4,58.16564994091823,525.1879029486499,14.89657715825446,24.84660792174578,16.354944378383475,70508.25986476683,84157.7579676149,68931.58402234073,5035.045000000013,bullish,4.11e-06,Risk-On,Extreme Fear,1.0078,1.3263,34317.01038167067,266556803425.02002,88.0,72917.4
2026-04-10T00:00:00+00:00,72917.4,61.175830450436095,628.5709036518281,15.43246128115151,24.313374879818028,15.414701072939291,70602.73594850147,84045.91360972819,69091.64028100505,3794.755999999994,bullish,-7.225e-05,Neutral,Extreme Fear,0.9995,1.3386,31984.888405898586,266914146422.19995,88.0,73013.4
2026-04-11T00:00:00+00:00,73013.4,61.42174664772421,668.1185468553251,16.061945466014993,24.319419311861715,14.828027040942244,70697.27179365828,83936.13735490502,69225.46075082946,3510.847999999998,bullish,-8.108e-05,Neutral,Extreme Fear,1.0047,1.3613,23067.164365550503,267095231849.83,88.0,70711.1
2026-04-12T00:00:00+00:00,70711.1,52.78635571200345,511.005591419626,15.435881247970045,22.481279056036716,19.423470063380037,70697.81407625992,83804.54494341344,69246.46253237252,-4922.3369999999995,bullish,-3.35e-06,Neutral,Extreme Fear,1.006,1.3628,35410.44082025811,267586433841.99,88.0,74385.0
2026-04-13T00:00:00+00:00,74385.0,61.97376850578776,619.0881408450532,15.620628290808643,24.650761665344387,17.12228180617529,70842.4096026811,83710.8181280561,69456.51395355412,11117.130999999994,bullish,-5.409e-05,Risk-On,Extreme Fear,0.9978,1.3189,7880.068006100133,267465603436.44995,88.0,74106.9
2026-04-14T00:00:00+00:00,74106.9,61.006032655139286,634.105794678886,16.225543333320555,26.263307134338344,16.066334082705822,70970.4288339485,83615.25675364758,69664.83687940374,8023.708000000013,bullish,-9.313e-05,Neutral,Extreme Fear,1.0028,1.3898,-1891.9648746903986,267533865238.24002,86.0,74776.2
2026-04-15T00:00:00+00:00,74776.2,62.5228054059467,649.0205240214302,16.59442882584974,24.81069763507571,16.06698561993887,71119.67476202895,83527.30594017846,69886.40329016936,2357.5209999999934,bullish,-7.151e-05,Neutral,Extreme Fear,1.0029,1.3818,-7339.905580691993,268028511915.18002,86.0,75106.8
2026-04-16T00:00:00+00:00,75106.8,63.28254090842982,639.9945957366284,16.815828332473096,23.239739499801516,15.592173953003371,71276.03261449841,83443.51981142047,70336.51679669469,1397.478999999992,bullish,-2.225e-05,Neutral,Extreme Fear,0.999,1.3919,15165.3252090998,268760960088.6,86.0,77030.6
2026-04-17T00:00:00+00:00,77030.6,67.4213059613882,716.6519059869572,18.052658124869893,28.44778072571158,13.96998437829628,71501.70192373377,83379.70966404316,70916.67014522607,9011.722999999998,bullish,-0.00010789,Neutral,Fear,1.0025,1.3994,9124.12547923997,268555458443.68,87.0,75653.8
2026-04-18T00:00:00+00:00,75653.8,62.032265818919804,630.7253314633126,19.201142932095486,26.883326642276483,13.201720614002118,71664.52929927362,83302.83494101785,71262.09803064901,-5561.828999999998,bullish,-4.586e-05,Neutral,Fear,1.0067,1.4359,14811.718072071671,268986494165.52,86.0,73758.4
2026-04-19T00:00:00+00:00,73758.4,55.460085167319995,412.86534969118657,19.193450351513384,25.016646485364628,16.995147037661898,71746.6418757727,83207.86543911717,71661.06000762065,-2861.6330000000016,bullish,-4.615e-05,Neutral,Fear,0.9999,1.4101,28712.288986669853,268884722323.68997,86.0,75790.1
2026-04-20T00:00:00+00:00,75790.1,60.31380493217803,373.4099884039606,19.319371692623115,23.955865526462603,15.654896040588234,71905.20886103652,83134.05682778268,72187.70460625598,7048.593000000023,bullish,-7.937e-05,Neutral,Fear,0.9981,1.3787,1686.5600753203034,269646336005.27,86.0,76288.2
2026-04-21T00:00:00+00:00,76288.2,61.42371393486489,349.12165607295447,19.627540291826627,23.777461794386674,14.686898043457225,72077.09086648606,83065.93884939679,72595.85862220972,750.81700000001,bullish,-4.242e-05,Risk-Off,Fear,0.997,1.413,-12390.028507120907,270027459787.95996,86.0,78139.8
2026-04-22T00:00:00+00:00,78139.8,65.30785004277308,421.1944472758587,20.7868264779174,28.256714330954715,13.340848669880542,72314.84416583955,83016.9225424376,73269.7901921626,12898.018000000011,bullish,-7.87e-05,Mixed,Fear,1.0016,1.4217,949.9262037985027,270753867291.26,85.0,78216.8
2026-04-23T00:00:00+00:00,78216.8,65.46358264723689,435.67553552008167,21.86330650785884,26.585518786503226,12.551826754764175,72546.293414238,82969.16012908002,73680.3341045084,-3047.261999999988,bullish,-6.696e-05,Neutral,Fear,0.9979,1.4562,28012.18292934075,270408372836.88004,88.0,77395.4
2026-04-24T00:00:00+00:00,77395.4,62.25318685719841,354.9733556645408,22.86289510709017,25.568029681686582,12.071439402872354,72736.45445681691,82913.69982928818,73943.02146567956,8.328999999997905,bullish,-1.077e-05,Mixed,Fear,0.9998,1.4579,26690.29678785242,271433776019.58,87.0,77585.0
2026-04-25T00:00:00+00:00,77585.0,62.707803250851796,282.55329103082477,23.707074471083143,24.99342359463234,12.12146003965679,72926.59349772605,82860.67794043953,74185.46616755337,-413.627999999997,bullish,-5.699e-05,Mixed,Fear,0.9822,1.4449,985.9943087268621,271491831564.99,87.0,78613.5
2026-04-26T00:00:00+00:00,78613.5,65.15914705643812,272.0133172952337,24.91586188618795,27.20098160990935,11.483456418794603,73149.6094389917,82818.41746342024,74567.0374162671,1521.4230000000098,bullish,1.95e-06,Mixed,Neutral,0.9999,1.4479,76141.07466929965,272018449058.80002,86.0,77331.2
2026-04-27T00:00:00+00:00,77331.2,59.87469901436581,152.72127763509047,25.335802976976797,24.706074507773867,13.072231221172267,73313.59338256066,82763.81828467974,75037.68840366621,-9539.39499999999,bullish,-5.678e-05,Neutral,Fear,1.0032,1.4628,633801.4545186702,272121505290.51,88.0,76298.1
2026-04-28T00:00:00+00:00,76298.1,55.938538845883116,-12.92568508991053,25.15207689236515,23.337017119601818,14.68241198702561,73430.63285775436,82699.48277935955,75308.24232297113,-1270.6589999999997,bullish,5.242e-05,Neutral,Fear,1.0009,1.4413,164665.3158014398,272026579956.41998,88.0,75749.9
2026-04-29T00:00:00+00:00,75749.9,53.913163190745856,-167.96888260707465,24.43544148527232,21.237821554321396,15.65928166378368,73521.58451039145,82630.33270195298,75574.17899540823,-497.34500000000116,bullish,3.571e-05,Neutral,Fear,0.9988,1.4238,6606.751235289499,271865092768.32,87.0,76305.4
2026-04-30T00:00:00+00:00,76305.4,55.664911715569694,-237.4198342948314,23.769994321543265,20.347894969269472,15.003112149421147,73630.75374527807,82567.3980482022,75753.75567983152,3724.3179999999993,bullish,-3.746e-05,Risk-On,Fear,0.9929,1.4152,-4751.496483370662,271628718536.27997,88.0,78192.0
2026-05-01T00:00:00+00:00,78192.0,61.07608919202824,-164.09367070920598,24.211140667540572,25.603515983190345,13.80286432587451,73809.62614742403,82523.86174921512,75931.11620608918,6937.515999999974,bullish,-3.143e-05,Neutral,Fear,0.9964,1.4246,-1734.7012169416994,271293378495.64,88.0,78652.9
2026-05-02T00:00:00+00:00,78652.9,62.28709371151129,-95.73229662005474,24.729296887949932,25.49765299015497,13.292275009732354,73999.55845536818,82485.34471688463,76190.44641096615,3206.489999999998,bullish,-2.54e-05,Neutral,Neutral,1.0071,1.4565,-2754.1215770114213,271290097559.52,88.0,78529.0
2026-05-03T00:00:00+00:00,78529.0,61.73108386947498,-71.16874912682351,25.329895814150888,25.25778686784978,12.684569519882583,74177.1836139812,82445.97810278628,76484.35642529231,1608.4330000000045,bullish,4.304e-05,Neutral,Fear,1.0027,1.4687,8650.751051150262,271354718408.92,88.0,79826.1
2026-05-04T00:00:00+00:00,79826.1,65.23031042428151,15.502615672187176,26.41558057196558,27.427472781078748,11.607002132039064,74398.70974676625,82419.90966395258,76911.54300229954,-1438.0179999999818,bullish,-3.83e-06,Neutral,Neutral,1.0047,1.4642,-258.58375333994627,271283444289.07,88.0,80861.9
2026-05-05T00:00:00+00:00,80861.9,67.7650861742706,119.84761181712383,27.76129804183669,28.81836471703497,10.861151566404475,74652.16818806954,82404.40708023166,77250.40478850299,18637.206000000006,bullish,-8.24e-05,Risk-On,Fear,1.0158,1.4855,-15903.630308970809,271304956215.22003,87.0,81390.1
2026-05-06T00:00:00+00:00,81390.1,69.00595029996288,197.1331574708688,29.350850437627535,30.295760994692056,10.09453946389706,74916.40080814525,82394.31447246816,77636.70743042303,4484.791999999987,bullish,-5.856e-05,Risk-On,Neutral,1.0073,1.5058,10750.390457060188,271892211484.73,87.0,79969.4
2026-05-07T00:00:00+00:00,79969.4,62.08346087053808,128.58337641785124,29.82781169555918,28.117639743716516,13.22322547333242,75114.55763919838,82370.18597025455,77859.43024108444,-4629.164000000004,bullish,-3.014e-05,Neutral,Fear,1.0049,1.513,6622.594873160124,272160646604.03,87.0,80155.2
2026-05-08T00:00:00+00:00,80155.2,62.61171070208764,74.45034007925847,30.012008737460935,26.86122499471526,13.7126301205843,75312.22988864158,82348.14630885898,78004.85238915759,1363.2510000000038,bullish,1.841e-05,Risk-On,Fear,1.0002,1.4907,11262.032973181456,272336714210.40002,87.0,80634.0
2026-05-09T00:00:00+00:00,80634.0,64.00347092279415,50.720071358139194,30.412971332975168,27.924558804443684,13.254366806877144,75520.92675575368,82331.09012668127,78223.8847380574,1874.525999999998,bullish,3.645e-05,Risk-On,Neutral,1.0004,1.4914,18132.312669729814,272522019652.65,87.0,82177.7
2026-05-10T00:00:00+00:00,82177.7,68.12343800117029,115.13347717613101,31.309249059852398,30.659433548384246,12.232633068491564,75781.97668690058,82329.56385676404,78530.41683382339,3256.875,bullish,5.798e-05,Risk-On,Neutral,1.0034,1.5016,46011.826429260895,272136999624.71,87.0,81699.1
2026-05-11T00:00:00+00:00,81699.1,65.61596028683365,102.09609937535015,32.14150694909554,28.583147941215735,11.40422767940305,76014.02073839468,82323.29058455743,78830.36089716289,-3814.870999999999,bullish,4.555e-05,Neutral,Neutral,1.0038,1.5311,795.3042092192918,272088771788.4,87.0,80461.0
2026-05-12T00:00:00+00:00,80461.0,59.51326081541246,-7.5047015709835705,32.379277385552875,26.639989123311423,12.689650640014696,76188.41208198704,82304.76032998473,78991.31479567963,-807.7720000000118,bullish,5.822e-05,Mixed,Fear,1.0033,1.5186,-2912.9857187811285,272046968525.02997,87.0,79288.3
2026-05-13T00:00:00+00:00,79288.3,54.35646880803008,-167.6933503616583,31.692871167795357,24.313877740701763,15.295080265871427,76309.97631406599,82274.74579933811,79118.26499931602,-1563.0589999999793,bullish,1.749e-05,Risk-On,Fear,1.0013,1.4961,36527.74217057973,271816633834.89996,86.0,81048.9
2026-05-14T00:00:00+00:00,81048.9,59.965170110147106,-163.61356812018062,31.405186241796297,24.207902724865278,13.716115938594198,76495.81645861242,82262.54832869794,79295.2580110707,7760.174999999988,bullish,-4.239e-05,Mixed,Fear,0.999,1.4741,15194.696213668212,271394903741.61,86.0,79074.0
2026-05-15T00:00:00+00:00,79074.0,52.214437180299676,-294.80535941620724,30.921733343393324,21.86682142938193,13.222034218175239,76596.92169552959,82230.82147965618,79354.57755568501,-297.5210000000079,bullish,1.548e-05,Mixed,Fear,1.0004,1.5068,27062.573274951428,271024862802.04004,86.0,78104.2
2026-05-16T00:00:00+00:00,78104.2,48.873711779823815,-439.09040692555936,29.668707229691456,20.722566672029302,15.831820749561984,76656.03064864608,82189.76056941085,79352.27559649438,-5439.395000000004,bullish,4.037e-05,Mixed,Fear,0.9988,1.4707,2433.5448746103793,270838477815.73,86.0,77430.4
2026-05-17T00:00:00+00:00,77430.4,46.64090738064474,-564.127588814471,27.834555051561296,19.422285324781424,17.9316479534483,76686.39807418938,82142.40374782468,79399.046427917,-5540.228999999992,bullish,4.8e-07,Mixed,Fear,0.9981,1.4542,25764.684164868668,271215781649.94,86.0,76963.2
2026-05-18T00:00:00+00:00,76963.2,45.10229059727938,-656.07543550591,25.995727867508926,18.28743509353222,19.068538976152745,76697.25305167216,82090.86938217469,79346.40728546305,-2195.4550000000163,bullish,7.178e-05,Mixed,Extreme Fear,1.0,1.4465,7792.270113827661,271302897232.52002,86.0,76799.9
2026-05-19T00:00:00+00:00,76799.9,44.54910546842397,-701.573953220242,24.28824548231744,17.481339779073377,18.228013235739375,76701.27842219482,82038.22292066051,79479.37420038588,-2852.099000000002,bullish,5.563e-05,Mixed,Fear,0.9942,1.4319,-4954.289776209742,271140557960.2,86.0,77510.3
2026-05-20T00:00:00+00:00,77510.3,47.56223316348951,-658.2173020927,22.724108160319386,18.21334409288255,17.362955627250503,76733.00475857935,81993.16896125095,79519.69576760227,849.6959999999963,bullish,6.858e-05,Risk-On,Fear,0.9926,1.4295,21724.58280087076,271078744030.02997,87.0,77586.2
2026-05-21T00:00:00+00:00,77586.2,47.88804723332862,-600.4328771585365,21.52661409264644,18.516547502897993,16.433790058085624,76766.46339549782,81949.31852382558,79530.98201536259,-1018.7049999999872,bullish,3.564e-05,Neutral,Fear,0.9982,1.4411,5690.838088311255,270992594375.32,87.0,75513.1
2026-05-22T00:00:00+00:00,75513.1,40.4882789242898,-672.4102097161068,20.56664178358787,16.85292838501273,19.818551620623193,76717.31188979204,81885.27654846414,79401.02559118715,-5233.661000000007,bullish,2.891e-05,Neutral,Fear,0.9978,1.4457,1267.6050416175276,270439494353.49997,87.0,76715.2
2026-05-23T00:00:00+00:00,76715.2,45.725400440179726,-611.3983558387831,20.35839962197493,15.010334004442408,21.44519029116107,76717.22907058451,81833.83300071824,79231.01172256598,6097.239000000001,bearish,7.441e-05,Neutral,Extreme Fear,0.9931,1.4061,-7524.33384751156,270929221677.52,86.0,77030.3
2026-05-24T00:00:00+00:00,77030.3,47.040996117401846,-525.4425658104349,20.02184199255218,14.807156631356817,20.300273227438733,76729.50636193414,81786.0366524524,79105.66716479538,2768.646999999997,bearish,6.265e-05,Neutral,Fear,0.9974,1.4278,5927.731507530436,270569759022.12997,86.0,77281.5
2026-05-25T00:00:00+00:00,77281.5,48.12062978813007,-431.2387032198525,19.46455011624124,15.300087708869,19.559892085210677,76751.15317127005,81741.21539222899,78927.73287250874,2534.672000000006,bearish,8.058e-05,Neutral,Fear,1.0003,1.435,13057.12342698872,270403992761.67996,86.0,75905.5
2026-05-26T00:00:00+00:00,75905.5,42.954888085243105,-439.66465300929804,19.699437599810643,13.983898061274028,22.2217630387498,76717.99030180849,81683.14857240581,78583.53141463781,-1323.4679999999935,bearish,0.0001,Mixed,Extreme Fear,1.0021,1.4395,965.8167998213321,270410007180.57004,86.0,74418.1
2026-05-27T00:00:00+00:00,74418.1,38.18324213289336,-518.0824817875513,20.63865696105856,13.020493995459423,25.758969379396174,76627.79852526699,81610.85953188437,78261.76542975189,-6952.2970000000205,bearish,9.914e-05,Neutral,Extreme Fear,0.9988,1.4137,-1408.673965729773,270253915823.91,86.0,73591.4
2026-05-28T00:00:00+00:00,73591.4,35.80269809130661,-592.9139269264854,22.181822646984234,12.093790306160606,29.784373029473834,76508.72407329574,81531.06391465169,77848.31864771718,-2075.7369999999937,bearish,0.0001,Mixed,Extreme Fear,0.9959,1.3849,14962.025911331177,270324912929.18997,85.0,73428.2
2026-05-29T00:00:00+00:00,73428.2,35.33436205714568,-617.8803175561482,23.659369143290082,11.293724329275054,28.24145830651074,76387.91920767631,81450.43840306313,77533.12065699436,-4688.619999999995,bearish,3.464e-05,Neutral,Extreme Fear,0.9829,1.3711,33177.41817460023,270124175290.69,85.0,73856.8
2026-05-30T00:00:00+00:00,73856.8,37.641400678910244,-571.1079109388987,25.03137660414551,10.885036014859978,27.219478873030774,76288.6596309047,81374.87981198788,77298.4715058609,3478.9059999999954,bearish,4.432e-05,Neutral,Fear,0.9876,1.3706,-22248.158379208297,269992565208.49997,85.0,73653.2
2026-05-31T00:00:00+00:00,73653.2,36.96671354070286,-520.8667594745896,26.15699771649043,11.047286507919228,26.268369545365616,76185.30827283,81298.04717704274,77005.70344660245,-833.2790000000023,bearish,5.988e-05,Neutral,Fear,0.9972,1.3783,5386.36139838025,269741215870.83005,85.0,71391.5
2026-06-01T00:00:00+00:00,71391.5,30.439645331858287,-601.2411633179961,28.173951782447897,9.677738340410984,32.76322818465388,75997.31579154257,81199.47456831594,76413.3020555548,-3489.9679999999935,bearish,0.0001,Neutral,Extreme Fear,0.9992,1.375,8192.921483779326,268504818004.80002,85.0,66730.0
2026-06-02T00:00:00+00:00,66730.0,21.869027166571072,-911.0487871224481,31.000567674364977,8.032480811957386,41.77606280769628,75633.89164285464,81055.49969698941,75193.62399954053,-14293.20199999999,bearish,8.345e-05,Neutral,Extreme Fear,0.9881,1.3341,-3246.6467099003494,268466110180.54,85.0,64117.7
2026-06-03T00:00:00+00:00,64117.7,18.692691177374627,-1215.568459598488,33.92075925970853,7.170888942103862,43.83706118540536,75182.27628431133,80886.96437662137,73786.07854353522,-12473.570000000007,bearish,0.0001,Risk-Off,Extreme Fear,0.9741,1.2493,-13255.329444756731,268349222996.21002,86.0,63853.4
2026-06-04T00:00:00+00:00,63853.4,18.401479682406077,-1348.1959211529309,36.93581485374711,6.437617905793784,47.50484216140995,74738.00662610304,80717.47617386891,72066.09756423846,-4541.717000000004,bearish,1.315e-05,Neutral,Extreme Fear,0.9728,1.2057,30016.91299298033,268356547084.67996,86.0,61022.0
2026-06-05T00:00:00+00:00,61022.0,15.598016777606773,-1526.8856378860528,39.93986286729888,5.558637118395439,47.36183119118674,74200.1240133147,80521.50128656674,70472.88015761272,-12946.493000000017,bearish,-1.234e-05,Risk-Off,Extreme Fear,0.9781,1.1913,30350.749389689416,268259172022.12997,86.0,60849.7
2026-06-06T00:00:00+00:00,60849.7,15.44382343319026,-1551.901442485595,42.7293360227398,5.235139648743746,44.60550221664085,73676.57797357686,80325.7619702825,69831.38161996398,-3069.524999999994,bearish,-5.11e-06,Risk-Off,Extreme Fear,0.9778,1.1411,12788.80596823059,267531074319.99,86.0,63298.5
2026-06-07T00:00:00+00:00,63298.5,26.556136814639004,-1308.4764703671644,43.4731576365617,12.313683938479054,40.244702335208,73269.59452363268,80156.33647804089,69069.91140299085,7773.857000000018,bearish,3.533e-05,Risk-Off,Extreme Fear,0.9863,1.1452,5312.470548141748,267370366910.61,85.0,63057.9
2026-06-08T00:00:00+00:00,63057.9,26.19192539525649,-1078.2077017607953,44.16384913511062,11.687487924509405,38.19811154145281,72869.13591486278,79986.20278174199,68580.27330731494,2447.1169999999984,bearish,-1.565e-05,Mixed,Extreme Fear,1.0028,1.1903,-3660.7513687312603,266664462429.92,85.0,61695.0
2026-06-09T00:00:00+00:00,61695.0,24.16977127144453,-937.4211666404735,45.106118635911336,10.787801474950204,39.80644807402964,72430.9345064368,79804.20076401322,67962.6546714119,-6604.261999999988,bearish,6.06e-06,Mixed,Extreme Fear,0.9942,1.1881,-4735.95036656037,266896742725.84,86.0,61483.7
2026-06-10T00:00:00+00:00,61483.7,23.86217781318274,-784.4716306079877,45.99251346481446,10.130515117933825,37.560054334033616,72001.63119245888,79621.90722407278,67373.64918822263,489.11000000001513,bearish,-8.11e-06,Mixed,Extreme Fear,0.9867,1.1642,6258.89503676258,267128744269.58,86.0,63597.9
2026-06-11T00:00:00+00:00,63597.9,33.04393365914949,-481.7204819197541,46.090816134959404,12.486780758392296,34.96328344987263,71672.07310648011,79462.46436612181,66907.98416304158,13179.684000000008,bearish,-1.303e-05,Risk-On,Extreme Fear,0.9808,1.1587,23057.27262605168,266146576680.80997,86.0,63547.0
2026-06-12T00:00:00+00:00,63547.0,32.94093830086439,-238.02098555649536,45.88679684781175,13.223664035457002,33.366869926348215,71353.44278857893,79304.10153660817,66435.25945200847,3369.95199999999,bearish,5.357e-05,Neutral,Extreme Fear,0.9885,1.1984,86803.56305820867,265996705891.70996,86.0,64418.2
2026-06-13T00:00:00+00:00,64418.2,36.58434110368749,15.27971463544145,45.444355305647925,13.806293016205656,31.980116310478945,71081.47248314446,79155.98311335835,66154.56019386121,1375.0010000000038,bearish,9.38e-06,Neutral,Extreme Fear,0.9962,1.1984,3246.8945303186774,265997495799.46002,86.0,65702.1
2026-06-14T00:00:00+00:00,65702.1,41.61845796517574,287.6225464144659,44.349795270560264,16.06563590927238,29.915343677531293,70870.51669949174,79022.11362964335,65910.52692726596,4366.487999999998,bearish,-3.265e-05,Neutral,Extreme Fear,0.9997,1.2143,29827.143957007676,265971628859.09998,86.0,66285.9
2026-06-15T00:00:00+00:00,66285.9,43.802985886733204,512.2896596957639,42.44761289802293,19.660829059405255,28.128786764397418,70690.72780931559,78895.38513581606,65493.501237818855,4385.0990000000165,bearish,-4.28e-06,Risk-On,Extreme Fear,1.001,1.2362,45002.5830430612,265571063933.7,86.0,65644.8
2026-06-16T00:00:00+00:00,65644.8,41.946776355574556,615.9592667615675,40.681300694952554,18.654651787520116,26.689246964599356,70492.84828738165,78763.53851754924,65170.80860968693,-190.33400000000256,bearish,2.46e-06,Risk-Off,Extreme Fear,0.9964,1.2515,4896.011367250234,265504059672.32,85.0,64472.9
2026-06-17T00:00:00+00:00,64472.9,38.716986333562616,603.0771372153504,39.61442087860506,17.17857675779616,29.090557674842586,70256.77188395493,78621.34310941443,64787.209811833956,-1842.5929999999935,bearish,-2.582e-05,Risk-Off,Extreme Fear,0.9949,1.2399,10888.661883341148,265603699248.83997,84.0,62924.1
2026-06-18T00:00:00+00:00,62924.1,34.8931020005552,492.3905273820301,39.19061135343154,15.824834724002434,31.898609867307552,69969.21612379984,78465.15163568892,64413.081314147064,-2914.5939999999828,bearish,8.72e-06,Mixed,Extreme Fear,0.9948,1.2166,17284.128956871107,265592193216.35,84.0,63512.6
2026-06-19T00:00:00+00:00,63512.6,37.42216443135479,461.4795743460554,38.79707393719899,15.116025102460323,30.469840342563526,69716.01549149396,78316.3700273736,64261.18669169926,4290.569000000003,bearish,2.823e-05,Mixed,Extreme Fear,0.9878,1.1885,15123.882274437696,265325448444.96,86.0,64270.0
2026-06-20T00:00:00+00:00,64270.0,40.61916255448963,491.91785883656667,37.93761892567829,16.888741800358368,29.233122030658105,69502.44625653341,78176.60515147934,64121.868442218474,2149.699999999997,bearish,7.78e-06,Mixed,Extreme Fear,0.9904,1.2003,16225.676705658436,265385099657.95004,86.0,63287.1
2026-06-21T00:00:00+00:00,63287.1,37.912273884410794,447.02997105965505,37.0046098009788,16.785481172646445,27.901616117638,69258.70718764975,78028.45087136512,63697.477815654616,-2251.998000000007,bearish,6.572e-05,Mixed,Extreme Fear,0.9999,1.2142,29451.11914130859,265365765156.46,86.0,63990.2
2026-06-22T00:00:00+00:00,63990.2,40.94403943003677,463.8599045346341,35.448516683376376,18.938008776658986,25.737277347280163,69052.09906264389,77888.76678309283,63329.795077086215,3335.6359999999986,bearish,4.813e-05,Neutral,Extreme Fear,1.0196,1.1948,114.02808803133667,265401260609.34003,87.0,62696.7
2026-06-23T00:00:00+00:00,62696.7,37.33235904161679,390.01554164451045,34.62614934545851,17.439433025581604,28.414819947928656,68802.86772685393,77737.60193947997,63154.717711313184,-2935.7969999999914,bearish,-1.889e-05,Risk-Off,Extreme Fear,0.9986,1.208,-7.7852856907993555,265446353408.37,87.0,61051.2
2026-06-24T00:00:00+00:00,61051.2,33.30728400252178,239.8565879952498,34.84110837358957,15.18116862484023,33.504179808353854,68498.88075717339,77571.5680893359,62977.210817634645,-13027.15399999998,bearish,-1.423e-05,Neutral,Extreme Fear,0.9859,1.1846,-11072.954670200124,265369326066.18,87.0,59771.9
2026-06-25T00:00:00+00:00,59771.9,30.549548908610547,72.56005460165215,35.33640501826345,13.421578363051736,32.68108756742863,68156.6462176764,77394.45696406887,62933.7274262937,-3084.5599999999977,bearish,1.58e-05,Neutral,Extreme Fear,0.988,1.1519,15273.391704099253,264868653952.09003,87.0,60072.0
2026-06-26T00:00:00+00:00,60072.0,31.972455527177004,3.920218151093195,35.79632333117491,12.447398824600201,30.30899347079268,67839.6012679636,77222.09420820749,62790.380518729304,-3412.939000000013,bearish,5.255e-05,Neutral,Extreme Fear,0.9792,1.1318,2310.1138279102743,264583149833.96,88.0,60000.3
2026-06-27T00:00:00+00:00,60000.3,31.80479463691718,-23.021640682260113,36.08107906273501,12.611514315334707,29.27530874205661,67532.17768882778,77050.73307180742,62731.80779516065,2836.4570000000094,bearish,4.258e-05,Neutral,Extreme Fear,0.9849,1.1368,3995.45479449071,264470626350.75003,87.0,59550.2
2026-06-28T00:00:00+00:00,59550.2,30.715881348074902,-46.51181122255639,36.64165912008188,11.953765976194527,30.684348505995263,67219.15895593258,76876.59841437651,62609.17107486026,-4138.468999999997,bearish,4.43e-05,Neutral,Extreme Fear,0.9996,1.1364,13251.188003718853,264533818812.81,86.0,60224.7
2026-06-29T00:00:00+00:00,60224.7,34.34361420851498,5.268217699809611,36.989258298825476,11.911975417951624,28.81832997883728,66944.8664478568,76710.90788289018,62467.75122985344,545.4770000000135,bearish,6.175e-05,Mixed,Extreme Fear,0.9946,1.1298,-991.2286823596805,264504247995.27002,86.0,58605.4
2026-06-30T00:00:00+00:00,58605.4,30.248753525800353,-44.88520985802461,37.54158769335466,11.114746701555365,29.09915585199355,66617.82854794085,76530.75357559774,62313.72384453317,-10493.747000000003,bearish,5.532e-05,Neutral,Extreme Fear,0.9834,1.1429,-14217.960882199928,264557128025.51004,87.0,59999.6
2026-07-01T00:00:00+00:00,59999.6,37.19240254476864,36.11740477590956,37.1841678910629,13.190655174293376,25.914614642322192,66358.2901735118,76366.2644852933,62069.83712490215,8801.20299999998,bearish,8.001e-05,Neutral,Extreme Fear,0.9794,1.1133,5925.640971258283,263163707823.82996,88.0,61540.6
2026-07-02T00:00:00+00:00,61540.6,43.84630417806035,204.36590900842384,36.2117684970159,14.747994114195508,23.8444573648096,66169.36114709958,76218.7454356884,61940.38183613777,10.958000000013271,bearish,0.0001,Mixed,Extreme Fear,0.9933,1.1407,-9828.101015869528,262659685972.63004,88.0,62565.5
2026-07-03T00:00:00+00:00,62565.5,47.806733023719204,385.0764944563375,34.762346304479465,16.368045107563237,22.566344582030684,66028.03325897803,76082.8922472736,61903.847653246106,6576.206000000006,bearish,0.0001,Mixed,Extreme Fear,0.9949,1.1699,-23055.418781319633,262434597914.43997,88.0,63114.8
2026-07-04T00:00:00+00:00,63114.8,49.848294064666916,532.8955753446523,33.08059590427237,17.349180318850873,21.73340216382062,65913.78881744947,75953.85650351964,61822.88479342255,3451.6900000000023,bearish,9.48e-05,Mixed,Extreme Fear,0.9998,1.189,6030.153181968257,262037264447.0,88.0,63617.1
2026-07-05T00:00:00+00:00,63617.1,51.708482759192115,648.1359709003905,31.155632083626045,18.224433368302044,20.605112598918737,65823.7225893142,75831.10270746473,61644.55192383977,3715.422000000006,bearish,7.7e-05,Mixed,Extreme Fear,1.0011,1.1996,25627.720530219376,261858791271.28998,88.0,64023.6
2026-07-06T00:00:00+00:00,64023.6,53.22067598128238,729.3246205070891,29.98543829316539,16.270605650613362,21.911168177572936,65753.129546596,75713.61511833573,61602.530182758484,-19.288999999989755,bearish,0.0001,Neutral,Fear,1.0008,1.2086,4635.962116681039,261772432370.54,88.0,63335.4
2026-07-07T00:00:00+00:00,63335.4,50.34630486746166,713.3907773560779,28.898829773451922,15.401093346270908,20.740220350428082,65658.31662320008,75590.44879875031,61505.58378906406,-5456.661999999982,bearish,4.846e-05,Mixed,Extreme Fear,0.9985,1.2172,-1726.5149923413992,261888923045.34,88.0,62255.3
2026-07-08T00:00:00+00:00,62255.3,46.13490867869954,610.7816113714414,28.47945014845505,14.300408497460241,22.856787354604116,65524.864990917726,75457.76075100155,61455.02109877093,-3292.167000000016,bearish,6.16e-05,Neutral,Extreme Fear,0.9987,1.2039,13105.440567780286,262114388964.81003,88.0,63197.0
2026-07-09T00:00:00+00:00,63197.0,50.057407894140184,586.8594321150667,28.090026210957966,13.45219349654461,21.50105895633094,65433.57616774448,75335.7631315886,61458.46356269373,3483.2330000000075,bearish,9.058e-05,Risk-On,Extreme Fear,0.9929,1.1825,13216.760553359985,262208850785.12,88.0,64129.5
2026-07-10T00:00:00+00:00,64129.5,53.65628689482847,611.5860780234973,26.786360778509103,16.609181348106457,20.234083376629265,65382.43592587215,75224.25802580164,61487.3957920981,7728.059000000008,bearish,0.0001,Neutral,Fear,0.9979,1.2019,9336.169356841594,262169032180.96002,88.0,63783.0
2026-07-11T00:00:00+00:00,63783.0,52.15241894205083,582.4919330177504,25.575814305520872,16.13339451720133,19.65445755376268,65319.71294838697,75110.41466236084,61472.28574701015,-3126.9589999999953,bearish,4.651e-05,Neutral,Fear,0.9832,1.2201,31492.85361742042,262277868612.78998,87.0,63750.0
2026-07-12T00:00:00+00:00,63750.0,52.00292889518281,539.8683427714624,24.495652430482632,15.741260533414827,19.41649321674081,65258.155577861995,74997.37571049655,61381.380690720864,-365.67200000000594,bearish,1.521e-05,Neutral,Fear,1.0007,1.214,41963.45352832973,262230134967.85004,87.0,62307.0
2026-07-13T00:00:00+00:00,62307.0,45.818297212008645,399.7857822499458,24.558369426333407,14.285046782300427,23.999163849538053,65142.42398657329,74871.10331536723,61386.22282277823,-8504.719000000012,bearish,8.256e-05,Mixed,Extreme Fear,1.0002,1.2134,2942.347155701369,262269996799.61005,87.0,65014.7
2026-07-14T00:00:00+00:00,65014.7,56.31664429242579,469.937971093805,24.017297379007648,15.336828541699049,21.611977583919877,65137.415202786106,74773.0296505377,61564.80134485612,8954.366999999998,bullish,5.59e-05,Neutral,Extreme Fear,0.9722,1.1875,-1923.2067037913948,262220263789.92,88.0,64721.4
2026-07-15T00:00:00+00:00,64721.4,55.071859653634434,475.5958414441647,23.146407970556112,16.350888007024565,20.736402918723993,65121.10088110822,74673.01343510947,61859.78058402189,5811.187999999995,bullish,2.426e-05,Neutral,Extreme Fear,0.991,1.2376,-8007.358548268676,261930076709.03003,88.0,63801.0
2026-07-16T00:00:00+00:00,63801.0,51.24405168358664,399.4292914065605,22.78403979443113,15.596842543707421,22.478250660738198,65069.33221910398,74564.83419694917,62158.74134893211,-4265.275999999998,bullish,7.639e-05,Neutral,Fear,0.9942,1.2348,-217.97438788041472,262073673969.36996,88.0,63909.9
2026-07-17T00:00:00+00:00,63909.9,51.67206237332004,340.74669750062867,23.09690557279645,14.537462676234778,25.38096982694458,65023.86428894304,74458.81495120839,62284.26052239005,-3854.3429999999935,bullish,3.074e-05,Neutral,Extreme Fear,0.9946,1.2176,2020.0291167404503,262047049218.26996,88.0,64806.7
2026-07-18T00:00:00+00:00,64806.7,55.162805127686916,345.6042537908161,22.974940929985188,15.825174751431645,24.437016013862472,65015.348042317826,74362.77400642025,62408.146676765944,3676.214,bullish,3.326e-05,Neutral,Fear,0.9958,1.2203,17422.640787169337,262048796755.51,89.0,64694.7
2026-07-19T00:00:00+00:00,64694.7,54.63207422093157,324.86594285699687,22.764520039514444,15.834405227497026,23.76598697303623,65002.77360928575,74266.57426506284,62649.03400896538,-2911.275999999998,bullish,4.89e-05,Neutral,Fear,0.998,1.2361,16641.045259648934,262105801176.12994,89.0,65224.8
2026-07-20T00:00:00+00:00,65224.8,56.752920939774235,329.4086614890268,21.854628032734762,17.862276582521368,21.84315592996435,65011.48052656867,74176.60636192789,63030.45795978299,8526.837,bullish,6.518e-05,Neutral,Extreme Fear,1.0022,1.2333,9664.66382336989,262154104435.0,89.0,66522.4
2026-07-21T00:00:00+00:00,66522.4,61.497687871681535,397.7881708688228,20.428866336099386,21.0683244483538,20.285105261166944,65070.7322706248,74100.44510459527,63506.22833076357,4838.6509999999835,bullish,3.928e-05,Mixed,Fear,1.004,1.2434,-19022.909588210285,262111136394.37,89.0,66082.0
2026-07-22T00:00:00+00:00,66082.0,59.12668126601471,390.7730376709202,19.104944760652252,20.04185607697267,19.296796057377758,65110.38982863951,74020.65958116647,63835.03926945424,2105.9149999999936,bullish,-3.43e-06,Neutral,Fear,1.0067,1.2682,12852.97149275057,262089057813.19998,89.0,65069.6
2026-07-23T00:00:00+00:00,65069.6,53.97492256222516,299.4753935146419,18.243169901173037,18.700944758922127,21.533487723633023,65108.790227516394,73931.59431170214,63984.87026800418,-4420.9619999999995,bullish,7.598e-05,Risk-Off,Fear,0.9983,1.2582,10156.646982450038,262152306630.66995,89.0,64116.5
2026-07-24T00:00:00+00:00,64116.5,49.5939389379722,163.23890014702778,18.07606975502066,17.118815588462617,23.593628124721103,65069.87688526085,73833.93168173495,64044.20965197203,-2805.9040000000095,bullish,5.879e-05,Neutral,Fear,0.9977,1.2419,19643.124486189336,262095436454.00992,89.0,64338.1
2026-07-25T00:00:00+00:00,64338.1,50.59795463318255,80.57190401973668,17.920905333593456,16.647715047473945,22.94434424663945,65041.17975250552,73739.4457943545,64070.90104831509,-3680.913999999997,bullish,3.878e-05,Neutral,Fear,0.9941,1.2237,1256.7448194976896,261753120877.66,89.0,65375.1
2026-07-26T00:00:00+00:00,65375.1,55.1045989199949,87.6680548964303,16.826182218744243,20.577617698093967,21.673953752928057,65054.27466417197,73656.21847301764,64168.575230306655,2277.1229999999923,bullish,5.819e-05,Neutral,Fear,1.0084,1.2267,6631.6990982797,261361755926.00998,88.0,63720.8
2026-07-27T00:00:00+00:00,63720.8,47.63860573700872,-21.29827650373204,16.29458156853971,18.72439856934174,22.602412782639743,65001.981540086796,73557.35858771398,64232.30174148727,-7809.999000000011,bullish,4.208e-05,Neutral,Fear,1.0001,1.2465,1259.075112041086,261287080855.96,88.0,63903.6
2026-07-28T00:00:00+00:00,63903.6,48.46943399840881,-80.01015486098606,16.382624984204316,17.596606043354303,25.07589635529855,64958.90775420104,73461.30128833375,64307.299042198625,1193.1879999999946,bullish,0.0001,Neutral,Fear,0.9976,1.2185,-38006.73025966063,261316488307.5,88.0,63958.9
2026-07-29T00:00:00+00:00,63958.9,48.73444223294609,-112.10013477065121,15.934445560384466,19.177710830667277,23.490680014191387,64919.691763840216,73366.75003173342,64375.772481278975,1566.886999999988,bullish,8.462e-05,Mixed,Fear,0.9967,1.2192,28512.030177390203,261035685589.74997,87.0,64750.0
2026-07-30T00:00:00+00:00,64750.0,52.49798957465861,-78.60927879250647,15.161689206136893,19.76867541497123,21.90040585991455,64913.037184866094,73281.01122544752,64408.12886364494,4170.682000000001,bullish,9.029e-05,Mixed,Extreme Fear,0.9993,1.2201,6651.394091790542,260865580500.59998,88.0,62859.9
2026-07-31T00:00:00+00:00,62859.9,44.15713312457046,-176.69802518372177,15.21883350356658,17.379204016495176,23.980999496075285,64832.52200114586,73177.31857643809,64358.7882335379,764.8450000000012,bullish,5.664e-05,Mixed,Fear,0.9991,1.2348,-12390.93497605063,260717412442.27,88.0,62792.3
2026-08-01T00:00:00+00:00,62792.3,43.888557939855836,-235.40592020033407,15.384887305754692,16.723536257506552,23.839800407642606,64752.513295218574,73073.98505826457,64335.031295888766,-2632.722999999998,bullish,4.53e-05,Mixed,Fear,0.9947,1.1995,-55062.07211321965,260398062674.12997,88.0,63550.0
2026-08-02T00:00:00+00:00,63550.0,47.726363782161705,-213.14783998366946,14.96944377178569,18.826743290377802,22.810916844735708,64705.35591109236,72979.21903778432,64421.29747642331,1665.9569999999949,bullish,0.0001,Mixed,Fear,0.9795,1.1992,-46463.30285114981,260228924586.98,87.0,63497.2
2026-08-03T00:00:00+00:00,63497.2,47.482645674487415,-192.5470698886018,14.935335760229265,17.375871565334457,23.265606817928063,64657.97724791227,72884.87058964717,64372.25727067992,-4280.975999999995,bullish,2.474e-05,Mixed,Extreme Fear,0.9989,1.2131,-20594.41849990189,259901211722.04,87.0,64075.5
2026-08-04T00:00:00+00:00,64075.5,50.466207125066134,-133.35081472399457,14.50100178673135,18.43580451432367,22.01783697930198,64635.1350028961,72797.21516089446,64319.86727259653,5775.596000000005,bullish,7.684e-05,Neutral,Fear,0.9966,1.2134,-36448.70233586989,259902583945.34,87.0,64633.9
2026-08-05T00:00:00+00:00,64633.9,53.22922452047435,-54.03286077860035,13.661406872725355,19.744745896909702,20.860026205150927,64635.08657140998,72715.98814436814,64339.17610963022,4746.378999999986,bullish,2.676e-05,Neutral,Extreme Fear,0.9975,1.2254,-26000.44794277288,260041562860.87,87.0,64300.0
2026-08-06T00:00:00+00:00,64300.0,51.38352244381079,-23.082343677094364,12.8817830240055,18.958313744743872,20.029172499136916,64621.94592155077,72632.2469688023,64396.99291971681,-174.25999999999476,bullish,7.99e-06,Neutral,Fear,0.9961,1.2359,-13530.261175978929,259996514343.38004,87.0,64885.4
2026-08-07T00:00:00+00:00,64885.4,54.37079820974446,34.65011147175749,12.11080676896152,19.67757042934011,18.872598396774173,64632.27745403897,72555.16391438636,64415.01522085674,5326.70199999999,bullish,6.308e-05,Risk-On,Fear,1.0014,1.229,1285.1726788505912,259540000225.56,87.0,64928.5
2026-08-08T00:00:00+00:00,64928.5,54.59202270777035,71.45524213771273,11.394900246420681,19.307806778561883,18.517961074655513,64643.89402446882,72479.27671125815,64415.26544574168,1214.4619999999995,bullish,4.423e-05,Risk-On,Fear,0.996,1.2406,-204.7753196209669,260071468737.35,88.0,64867.8
2026-08-09T00:00:00+00:00,64867.8,54.193517691115154,86.42701102530464,11.0323474919591,20.17247133317285,17.774538431890928,64652.674650960245,72403.54062457896,64388.24974582423,1231.046000000002,bearish,7.054e-05,Risk-On,Fear,1.0027,1.2417,4555.906157338992,,89.0,63939.3
2026-08-10T00:00:00+00:00,63939.3,48.37630191117298,31.351253566488595,10.682968226501414,18.547963406834068,20.975088984219674,64624.699174452006,72319.31932483191,64276.15541127205,-3588.275999999998,bearish,2.301e-05,Neutral,Fear,0.9975,1.2405,-3426.040463667363,259984655618.68002,89.0,63572.0
2026-08-11T00:00:00+00:00,63572.0,46.26084074819873,-28.99875705990999,10.853817601130029,17.35353418672344,22.574003649109535,64583.41685388527,72232.28132159976,64156.3844462393,-5164.587999999989,bearish,8.282e-05,Neutral,Fear,0.9969,1.2228,-5669.293628660962,259937456248.57996,90.0,63454.7
2026-08-12T00:00:00+00:00,63454.7,45.57540819745623,-73.47041012418225,11.012463448999453,16.304911011772756,21.209922815593334,64539.15344785055,72144.94220397189,64068.90462450055,810.8369999999995,bearish,6.576e-05,Mixed,Fear,0.9956,1.2171,-3654.267716119066,260006508306.22,88.0,63456.7
2026-08-13T00:00:00+00:00,63456.7,45.59021103292046,-97.87763752421155,11.575683659969794,15.289721172520313,22.41498563799596,64496.70429303288,72058.4920327881,64002.41179160405,-1414.9660000000003,bearish,8.545e-05,Mixed,Fear,0.9947,1.213,1039.384232699871,259853305700.21002,88.0,63015.0
2026-08-14T00:00:00+00:00,63015.0,42.820205924564334,-136.52221894045007,12.359600363415398,14.389533930425324,22.76896853458562,64438.598242325716,71968.50703743698,63953.82646377033,-4064.152999999991,bullish,6.29e-06,Mixed,Fear,0.9975,1.2132,2738.7198603972793,259736875354.55,89.0,63053.9
2026-08-15T00:00:00+00:00,63053.9,43.14782031726916,-151.08275423232533,13.08752301661489,14.163352585837242,22.411075364248305,64384.296350469805,71879.80447985054,63910.74489238549,-306.9250000000029,bullish,9.66e-06,Mixed,Fear,0.9969,1.2062,10212.640037668869,259646781402.00003,89.0,62876.0
2026-08-16T00:00:00+00:00,62876.0,41.963675188346706,-163.27591003669758,13.94839791310624,13.596675133271194,22.72882217810804,64325.147473980796,71790.21438552368,63863.386139394315,296.4070000000065,bullish,5e-05,Mixed,Fear,0.9994,1.2069,6270.59505841881,259565679866.53,89.0,64504.1
2026-08-17T00:00:00+00:00,64504.1,54.31938780499495,-57.71921318557075,13.184751995000374,19.057600945203834,20.340951692982472,64332.165220099196,71717.71573492145,63890.040190077256,9997.082999999984,bullish,9.202e-05,Neutral,Fear,0.9934,1.204,-6694.740338321775,259546904164.69,89.0,64694.0
2026-08-18T00:00:00+00:00,64694.0,55.50916869242487,24.456343302869314,12.492422298112217,20.481240409356147,19.099042989458933,64346.354819311,71647.82801616602,63915.99123104987,1247.4119999999966,bullish,-0.00043086666666666666,Neutral,Fear,0.999,1.2349,-5065.843245049939,,88.0,69310.0
2026-08-19T00:00:00+00:00,69310.0,73.54579496688358,370.07689639010533,14.976868014512474,38.51442324964363,13.788427275915573,64541.007571494876,71624.56604585591,64476.007542658044,32672.685999999987,bullish,-0.0004745933333333333,Neutral,Greed,0.996,1.2393,1279.107879417017,259591743265.10004,89.0,72998.7
2026-08-20T00:00:00+00:00,72998.7,80.38803276783071,802.6800693001938,18.07812023270458,43.23660532948206,11.356998464036097,64872.68178437743,71638.23902052402,65438.684054861435,16872.545000000042,bullish,-0.00047652,Neutral,Greed,1.0012,1.3248,9063.201129281893,259548471652.63998,88.0,78309.1
2026-08-21T00:00:00+00:00,78309.1,86.00142934138056,1368.788125184755,21.913499384919948,54.168757902803875,8.901250559861095,65399.6001457744,71704.61574668797,67375.67076756018,11624.73999999999,bullish,-0.0004745933333333333,Neutral,Greed,1.0125,1.3977,-19606.186649387702,260039133337.12003,91.0,77084.5
2026-08-22T00:00:00+00:00,77084.5,80.29401448126197,1568.729957496559,25.474922883405643,50.04598050781427,8.223777492060986,65857.83151260678,71758.1469332881,67961.33748372977,-2905.5339999999997,bullish,-0.0004293333333333333,Neutral,Greed,1.0181,1.4957,-13762.846041569486,260563710816.28,90.0,77719.1
2026-08-23T00:00:00+00:00,77719.1,80.99778097773046,1643.7589611287467,28.13286011573157,46.03274730281488,10.558151501438964,66322.97929642611,71817.45989912603,68649.86268264923,-1265.9820000000036,bullish,-0.002425,Neutral,Greed,1.0076,1.4681,-2273.2681604716927,261183807982.84998,91.0,78953.0
2026-08-24T00:00:00+00:00,78953.0,82.31992597914,1671.0613461135122,30.883252869350546,47.24268461180495,9.458167448773455,66818.27422597804,71888.4602981397,69658.90218953392,-1207.1620000000112,bullish,-0.00148223245,Neutral,Greed,1.0048,1.4792,-2800.7263660226017,261417896936.95,90.0,78505.4
2026-08-25T00:00:00+00:00,78505.4,80.14157703668063,1555.9002864742106,33.60774579374155,46.215549560416505,8.468945730343439,67276.59288378283,71954.30049417811,70678.97822138263,-1190.8580000000075,bullish,0.0013712161866560834,Neutral,Greed,1.0194,1.5027,2474.2491946183145,261456656139.88,88.0,78989.4
2026-08-26T00:00:00+00:00,78989.4,80.73522155758975,1413.3891568944236,35.98999872012087,43.929076221209264,8.69342483625301,67735.91865304625,72024.30148428578,71237.62806749209,349.74400000000605,bullish,3.926621723805e-05,Neutral,Greed,1.0103,1.493,-6983.552695170045,261543912255.61996,89.0,80208.9
2026-08-27T00:00:00+00:00,80208.9,82.18064413717244,1304.9226941859934,38.42461392392856,45.85973167863824,8.069224859167683,68225.0551764562,72105.74027548691,71968.09040683499,560.9910000000091,bullish,2.3038123815633333e-05,Risk-On,Greed,1.0126,1.5013,3553.5725740697235,261494236934.51,89.0,77805.9
2026-08-28T00:00:00+00:00,77805.9,70.8932800025108,989.3270903669859,39.55075497793416,39.71642992116739,11.799593541965283,68600.77458130106,72162.45828269601,72487.70729602549,-7725.831999999995,bullish,9.862666666666667e-05,Mixed,Greed,1.0087,1.5249,-17416.508721090853,261889663321.28,88.0,78200.7
2026-08-29T00:00:00+00:00,78200.7,71.58383227513596,736.7451799771588,40.59645738522507,38.56480060834794,11.45744904838279,68977.24224477945,72222.54028983337,72678.96308143143,1352.2710000000006,bullish,6.110048971288333e-05,Mixed,Greed,1.0054,1.4753,-9505.340375769883,261845147398.90002,89.0,77639.5
2026-08-29T00:00:00+00:00,78200.7,71.58383227513596,736.7451799771588,40.59645738522507,38.56480060834794,11.45744904838279,68977.24224477945,72222.54028983337,72678.96308143143,1352.2710000000006,bullish,6.110048971288333e-05,Mixed,Greed,1.0054,1.4753,-9505.340375769883,261845147398.90002,89.0,77639.5
2026-08-29T00:00:00+00:00,78200.7,71.58383227513596,736.7451799771588,40.59645738522507,38.56480060834794,11.45744904838279,68977.24224477945,72222.54028983337,72678.96308143143,1352.2710000000006,bullish,6.110048971288333e-05,Mixed,Greed,1.0054,1.4753,-9505.340375769883,261845147398.90002,89.0,77639.5
2026-08-29T00:00:00+00:00,78200.7,71.58383227513596,736.7451799771588,40.59645738522507,38.56480060834794,11.45744904838279,68977.24224477945,72222.54028983337,72678.96308143143,1352.2710000000006,bullish,6.110048971288333e-05,Mixed,Greed,1.0054,1.4753,-9505.340375769883,261845147398.90002,89.0,77639.5
2026-08-30T00:00:00+00:00,77639.5,69.07512398104178,474.2109150620349,41.77983899850936,38.95467790219881,10.61739646777177,69316.93862733712,72276.44038645196,73161.57035226868,-3788.8369999999995,bullish,4.6014195683083334e-05,Mixed,Greed,1.0,1.4864,1828.6562750209123,261863497007.81,,78549.5
2026-08-31T00:00:00+00:00,78549.5,70.85854881211192,312.00891153384873,42.87869335370192,36.72073169761874,10.008517282549144,69678.99985763762,72338.85889006934,73679.29972510065,-590.6059999999998,bullish,3.174666453643333e-05,Neutral,Greed,1.0029,1.4883,-839.836334111169,262168944347.34,,77400.1
2026-09-01T00:00:00+00:00,77400.1,65.70441291835178,89.05889444674813,43.17285062435891,33.59598231628563,12.113802619819355,69981.78809851459,72389.21949812837,74211.75635865837,-6268.209999999992,bullish,7.676457369075e-05,Neutral,Greed,1.0046,1.4914,-8554.206704961136,261929035775.4,89.0,77300.0
2026-09-02T00:00:00+00:00,77300.0,65.25921510214386,-93.5185009426882,43.28756864765842,31.92433197299297,12.17647459810867,70268.77680053363,72438.08298570919,74738.21099617593,-2702.573000000004,bullish,4.041090700641667e-05,Neutral,Greed,1.0024,1.4706,-3911.30458271876,261366505729.37994,89.0,81230.7
2026-09-03T00:00:00+00:00,81230.7,72.99664485433921,16.229276458224376,44.39380212987584,39.82403647238477,10.34012949351311,70698.65614168916,72525.57171221953,75477.46249980474,12899.214000000007,bullish,3.573318507066667e-05,Neutral,Greed,1.0009,1.464,7992.815277347341,261574126942.03,89.0,
